Symbol,,Sector,LTP,Open,High,Low,Close,YCP,Change,% Change,Volume(Qty),Value(Turnover),Market Category,Audited PE,Forward PE,Free Float,Director Holdings,Govt. Holdings,Institute Holdings,Foreign Holdings,Public Holdings,Market Capitalization (mn),Paid Up Capital (mn),Last Dividend Declaration Date,Last AGM Date,Dividend Yield(%),Cash Dividend,Stock Dividend,EPS,NAV(Quarter End),RSI(14),Turnover Velocity(22),Beta(5)
ABBANK,"Buy
Sell",Bank,6.60,6.70,6.80,6.50,6.60,6.50,0.10,1.54,4312238,28.772,B,0,0,80.48,18.95,0.57,34.52,0.54,45.42,5911.59,8956.95,01-Jun-2025,05-Aug-2025,-,-,-,-34.61,-27.36,69.40,102.50,1.82
ALARABANK,"Buy
Sell",Bank,16.60,16.40,16.70,16.40,16.60,16.30,0.30,1.84,699509,11.613,A,24.7,35.96,84.89,15.11,0.00,26.05,0.04,58.80,19118.08,11516.92,29-May-2025,14-Aug-2025,-,-,-,0.34,20.86,58.25,22.60,0.62
BANKASIA,"Buy
Sell",Bank,,,,,21.90,21.90,0.00,0.00,0,0,A,10.23,6.37,49.30,50.7,0.00,38.84,0.00,10.46,28086.70,12824.98,04-May-2025,17-Jun-2025,4.57,10.00,10.00,2.58,29.28,0.00,0.00,0.00
BRACBANK,"Buy
Sell",Bank,87.50,89.10,89.20,86.60,87.50,89.10,-1.60,-1.80,2977472,261.222,A,12.82,10.97,53.83,46.17,0.00,11.59,36.05,6.19,174206.04,19909.26,29-Apr-2025,19-Jun-2025,1.43,12.50,12.50,6.09,51.73,76.75,30.67,1.00
CITYBANK,"Buy
Sell",Bank,33.00,32.20,33.50,32.20,33.00,32.20,0.80,2.48,15857673,524.355,A,4.28,5.08,69.63,30.37,0.00,19.71,5.07,44.85,50200.33,15212.22,30-Apr-2025,29-Jun-2025,3.79,12.50,12.50,4.75,38.09,86.55,132.89,1.04
DHAKABANK,"Buy
Sell",Bank,14.00,13.90,14.20,13.90,14.00,13.80,0.20,1.45,7477126,104.781,A,10.87,7.78,58.91,41.09,0.00,12.39,0.00,46.52,14797.05,10569.32,29-May-2025,31-Jul-2025,3.57,5.00,5.00,1.33,22.94,59.71,212.30,1.08
DUTCHBANGL,"Buy
Sell",Bank,43.80,42.70,45.00,42.70,43.80,42.40,1.40,3.30,1356536,59.633,A,7.87,12,16.44,83.56,0.00,6.91,0.03,9.50,42341.51,9667.01,30-Apr-2025,19-Jun-2025,2.28,10.00,10.00,2.65,55.00,68.25,12.75,0.77
EBL,"Buy
Sell",Bank,28.70,28.40,28.90,28.20,28.70,28.10,0.60,2.14,5723187,163.789,A,5.78,5.76,68.56,31.44,0.00,41.15,0.67,26.74,45799.84,15958.13,25-Mar-2025,21-May-2025,6.10,17.50,17.50,3.66,29.53,80.79,45.04,0.51
EXIMBANK,"Buy
Sell",Bank,,,,,3.00,3.00,0.00,0.00,0,0,A,16.67,0,69.56,30.44,0.00,27.45,0.46,41.65,4342.67,14475.57,29-May-2025,28-Aug-2025,-,-,-,-2.17,19.54,0.00,0.00,0.00
FIRSTSBANK,"Buy
Sell",Bank,,,,,1.90,1.90,0.00,0.00,0,0,Z,0.67,0,94.10,5.9,0.00,28.21,0.15,65.74,2295.46,12081.39,01-Jun-2025,15-Sep-2025,-,-,-,-476.57,-460.18,0.00,0.00,0.00
GIB,"Buy
Sell",Bank,,,,,1.70,1.70,0.00,0.00,0,0,Z,0,0,84.57,15.43,0.00,53.15,0.00,31.42,1678.65,9874.40,10-Jul-2025,21-Sep-2025,-,-,-,-22.63,-44.40,0.00,0.00,0.00
ICBIBANK,"Buy
Sell",Bank,3.30,3.20,3.30,3.10,3.30,3.00,0.30,10.00,3870438,12.627,Z,0,0,47.07,52.76,0.17,20.38,0.00,26.69,2193.52,6647.02,29-Apr-2025,22-Dec-2025,-,-,-,-0.69,-21.48,71.30,25.17,0.95
IFIC,"Buy
Sell",Bank,6.30,6.10,6.40,6.10,6.30,6.00,0.30,5.00,10564379,65.845,B,0,0,67.25,0,32.75,20.70,0.63,45.92,12109.15,19220.87,01-Jun-2025,11-Sep-2025,-,-,-,-9.40,8.91,67.18,105.53,1.70
ISLAMIBANK,"Buy
Sell",Bank,45.70,44.50,46.00,44.50,45.70,44.10,1.60,3.63,1316607,59.572,A,64.85,53.35,99.82,0.18,0.00,75.09,17.89,6.84,73576.57,16099.91,27-Aug-2025,25-Jun-2024,-,-,-,0.62,44.48,53.07,40.22,0.90
JAMUNABANK,"Buy
Sell",Bank,26.10,25.60,26.20,25.10,26.10,25.50,0.60,2.35,5542811,143.911,A,8.04,4.31,59.02,40.98,0.00,3.08,0.13,55.81,24516.71,9393.38,21-Apr-2025,24-Jun-2025,6.70,17.50,6.50,4.44,29.62,78.14,85.91,0.88
MERCANBANK,"Buy
Sell",Bank,9.00,8.90,9.00,8.80,9.00,8.80,0.20,2.27,2838705,25.383,A,15.17,3.53,66.38,33.62,0.00,25.49,0.64,40.25,9959.18,11065.75,01-Jun-2025,20-Jul-2025,-,-,-,1.87,26.39,70.82,23.75,1.08
MIDLANDBNK,"Buy
Sell",Bank,17.80,17.90,18.10,17.80,17.80,17.70,0.10,0.56,1466397,26.315,B,13.94,22.13,23.40,76.6,0.00,8.80,0.00,14.60,11727.71,6588.60,30-Apr-2025,04-Jun-2025,1.69,3.00,3.00,0.60,15.59,50.57,96.86,0.88
MTB,"Buy
Sell",Bank,13.70,13.60,13.80,13.60,13.70,13.50,0.20,1.48,1421704,19.441,A,4.19,5.39,66.74,33.26,0.00,33.62,0.00,33.12,14815.61,10814.32,29-Apr-2025,09-Jul-2025,-,-,10.00,1.88,28.86,51.95,48.30,0.80
NBL,"Buy
Sell",Bank,5.00,4.90,5.00,4.90,5.00,4.80,0.20,4.17,4052677,20.203,Z,0,0,84.46,15.54,0.00,38.34,0.46,45.66,16098.70,32197.40,04-May-2025,07-Aug-2025,-,-,-,-4.50,-3.38,65.94,40.87,1.06
NCCBANK,"Buy
Sell",Bank,13.30,13.00,13.40,12.90,13.30,12.90,0.40,3.10,1872632,24.717,A,6.14,6.2,58.45,41.55,0.00,26.09,0.03,32.33,14768.63,11104.23,04-May-2025,02-Jul-2025,9.77,13.00,-,1.56,22.75,61.45,29.30,1.00
NRBBANK,"Buy
Sell",Bank,7.20,7.00,7.30,7.00,7.20,7.00,0.20,2.86,481590,3.445,A,63.64,0,44.01,55.99,0.00,2.91,0.00,41.10,4972.23,6905.87,01-Jun-2025,21-Sep-2025,-,-,-,-2.01,10.70,54.73,24.88,1.11
NRBCBANK,"Buy
Sell",Bank,6.60,6.60,6.90,6.50,6.60,6.50,0.10,1.54,407933,2.702,A,72.22,51.32,40.93,59.07,0.00,4.42,0.00,36.51,5469.09,8286.50,29-May-2025,21-Aug-2024,-,-,-,0.10,16.91,62.74,18.62,1.37
ONEBANKPLC,"Buy
Sell",Bank,8.20,8.20,8.40,8.10,8.20,8.10,0.10,1.23,3429700,28.166,B,6.53,5.68,69.06,30.94,0.00,34.26,0.06,34.74,8739.74,10658.22,26-May-2025,14-Aug-2025,-,-,-,1.07,23.59,62.40,65.80,1.35
PREMIERBAN,"Buy
Sell",Bank,5.60,5.60,5.70,5.50,5.60,5.40,0.20,3.70,1721736,9.643,A,4.95,0,76.08,23.92,0.00,21.76,0.11,54.21,6907.21,12334.31,28-Aug-2025,13-Oct-2025,-,-,-,-5.49,16.15,64.98,63.37,1.09
PRIMEBANK,"Buy
Sell",Bank,34.10,34.30,34.80,34.00,34.10,34.30,-0.20,-0.58,1628135,55.684,A,5.3,4.75,62.47,37.53,0.00,34.50,7.04,20.93,39576.14,11605.91,16-Mar-2025,05-May-2025,5.13,17.50,2.50,5.42,38.82,60.50,25.82,0.76
PUBALIBANK,"Buy
Sell",Bank,40.00,40.00,40.30,39.90,40.00,40.00,0.00,0.00,532502,21.327,A,5.93,4.29,71.80,28.2,0.00,28.21,0.05,43.54,52057.39,13014.35,30-Apr-2025,18-Jun-2025,3.13,12.50,12.50,7.00,58.09,60.85,13.80,0.68
RUPALIBANK,"Buy
Sell",Bank,19.80,19.70,20.00,19.70,19.80,19.60,0.20,1.02,354218,7.033,B,85.22,0,9.81,0,90.19,3.22,0.00,6.59,9661.05,4879.32,01-Jun-2025,27-Aug-2025,-,-,-,-3.24,32.17,52.80,29.71,1.36
SBACBANK,"Buy
Sell",Bank,7.20,7.10,7.30,7.10,7.20,7.00,0.20,2.86,499025,3.632,B,53.85,35,27.58,72.42,0.00,11.85,0.00,15.73,5934.18,8241.92,29-May-2025,19-Aug-2025,-,-,-,0.15,13.63,63.63,5.87,1.69
SHAHJABANK,"Buy
Sell",Bank,18.60,18.70,18.70,18.40,18.60,18.40,0.20,1.09,1123141,20.88,A,12.11,3.94,56.92,43.08,0.00,24.19,0.00,32.73,20701.21,11129.68,04-May-2025,25-Jun-2025,5.38,10.00,-,3.50,23.39,64.65,8.97,0.51
SIBL,"Buy
Sell",Bank,,,,,3.00,3.00,0.00,0.00,0,0,A,0,0,88.38,11.62,0.00,68.54,0.87,18.97,3420.47,11401.55,01-Jun-2025,18-Aug-2025,-,-,-,-15.28,2.87,0.00,0.00,0.00
SOUTHEASTB,"Buy
Sell",Bank,9.70,9.70,9.80,9.60,9.70,9.60,0.10,1.04,413640,4.033,A,30,4.93,68.69,31.31,0.00,38.63,1.28,28.78,12972.74,13373.96,01-Jun-2025,17-Sep-2025,-,-,-,1.46,25.17,54.88,16.00,0.99
STANDBANKL,"Buy
Sell",Bank,5.70,5.70,5.80,5.60,5.70,5.50,0.20,3.64,790010,4.504,B,7.43,7.93,66.92,33.08,0.00,29.30,0.00,37.62,6360.30,11158.42,29-May-2025,14-Aug-2025,-,-,-,0.52,17.14,60.81,24.15,0.99
TRUSTBANK,"Buy
Sell",Bank,19.10,18.90,19.20,18.80,19.10,18.80,0.30,1.60,4892464,92.976,A,4.67,5.28,40.00,60,0.00,22.40,0.00,17.60,18986.92,9940.79,29-Apr-2025,28-Jul-2025,3.93,7.50,7.50,2.67,28.30,60.56,78.67,0.66
UCB,"Buy
Sell",Bank,10.10,10.30,10.30,10.00,10.10,10.00,0.10,1.00,1533509,15.474,A,200,23.44,88.92,10.27,0.81,35.85,0.01,53.06,15658.80,15503.76,01-Jun-2025,31-Jul-2025,-,-,-,0.32,26.02,51.28,27.45,1.05
UNIONBANK,"Buy
Sell",Bank,,,,,1.50,1.50,0.00,0.00,0,0,Z,0.96,0,45.51,54.49,0.00,13.47,0.01,32.03,1554.42,10362.80,28-Apr-2024,12-Aug-2024,-,-,-,-248.91,-237.44,0.00,0.00,0.00
UTTARABANK,"Buy
Sell",Bank,26.20,25.40,26.30,25.30,26.20,25.30,0.90,3.56,9927333,257.058,A,4.37,5.48,71.89,28.11,0.00,25.39,0.84,45.66,25421.04,9702.69,19-Mar-2025,12-May-2025,6.68,17.50,17.50,3.46,29.67,74.39,63.70,0.64
ARAMITCEM,"Buy
Sell",Cement,12.10,12.80,12.80,12.00,12.10,11.90,0.20,1.68,37508,0.462,Z,0,0,54.08,45.92,0.00,9.99,0.00,44.09,409.95,338.80,17-Nov-2024,30-Dec-2024,-,-,-,-5.96,-24.81,68.32,27.59,1.49
CONFIDCEM,"Buy
Sell",Cement,69.80,66.00,70.30,65.60,69.80,65.40,4.40,6.73,1263568,86.13,A,5.82,4.43,69.66,30.34,0.00,37.74,0.15,31.77,6020.51,862.54,02-Nov-2025,28-Dec-2025,1.43,10.00,-,7.38,96.08,78.91,157.69,1.37
CROWNCEMNT,"Buy
Sell",Cement,51.20,51.30,51.40,50.70,51.10,51.00,0.10,0.20,7108,0.363,A,11.28,32.28,46.45,53.55,0.00,18.59,0.05,27.81,7588.35,1485.00,20-Oct-2025,22-Dec-2025,4.11,21.00,-,0.79,61.36,60.29,2.40,1.05
HEIDELBCEM,"Buy
Sell",Cement,240.50,235.10,241.50,235.10,240.50,234.60,5.90,2.51,13053,3.13,A,28.71,42.81,39.33,60.67,0.00,28.61,0.04,10.68,13589.11,565.04,27-Apr-2025,16-Jun-2025,1.04,25.00,-,4.11,74.48,58.87,5.25,1.07
LHB,"Buy
Sell",Cement,54.50,54.00,54.70,53.90,54.50,53.90,0.60,1.11,978102,53.137,A,16.38,13.21,36.61,63.39,0.00,22.26,0.79,13.56,63294.86,11613.74,22-Oct-2025,08-May-2025,3.30,18.00,-,3.06,17.13,61.92,23.22,1.43
MEGHNACEM,"Buy
Sell",Cement,33.90,33.90,34.40,33.80,33.90,34.10,-0.20,-0.59,19422,0.659,Z,0,0,58.10,41.9,0.00,35.11,0.00,22.99,1070.85,315.89,29-Oct-2025,22-Dec-2025,-,-,-,-31.16,-32.85,52.45,23.53,0.80
PREMIERCEM,"Buy
Sell",Cement,39.90,39.70,40.20,39.00,39.90,39.00,0.90,2.31,78280,3.109,A,30.23,102.63,57.65,42.35,0.00,26.71,0.01,30.93,4207.46,1054.50,26-Oct-2025,28-Dec-2025,2.51,10.00,-,0.19,63.70,57.74,34.05,0.89
FUWANGCER,"Buy
Sell",Ceramics Sector,12.00,11.80,12.30,11.70,12.00,11.70,0.30,2.56,1295237,15.578,B,106.36,117,70.00,30,0.00,5.75,0.40,63.85,1635.23,1362.69,05-Nov-2025,30-Dec-2025,0.83,1.00,-,0.05,12.05,62.64,132.16,1.64
MONNOCERA,"Buy
Sell",Ceramics Sector,87.70,89.50,89.50,87.40,87.70,87.50,0.20,0.23,326728,28.759,B,397.73,141.13,69.46,30.54,0.00,16.54,0.10,52.82,3308.42,377.24,25-Sep-2025,11-Dec-2025,0.23,2.00,-,0.31,80.25,56.91,328.18,1.42
RAKCERAMIC,"Buy
Sell",Ceramics Sector,24.50,24.70,24.70,24.20,24.50,24.80,-0.30,-1.21,243649,5.939,A,0,0,27.92,72.08,0.00,17.22,0.16,10.54,10485.23,4279.69,05-Feb-2026,31-Mar-2026,4.08,10.00,-,-0.93,15.30,54.27,16.78,1.52
SPCERAMICS,"Buy
Sell",Ceramics Sector,17.10,15.80,17.10,15.60,17.10,15.60,1.50,9.62,4182478,70.337,B,97.5,0,50.00,50,0.00,5.49,0.00,44.51,2513.12,1469.66,29-Oct-2024,30-Dec-2024,1.17,2.00,-,-1.35,29.77,68.43,182.24,1.76
STANCERAM,"Buy
Sell",Ceramics Sector,73.30,71.00,74.60,71.00,73.30,72.70,0.60,0.83,12926,0.95,Z,0,0,71.76,28.24,0.00,8.49,0.00,63.27,473.57,64.61,17-Nov-2024,26-Dec-2024,-,-,-,-12.28,-50.12,59.74,36.70,0.94
ABBLPBOND,"Buy
Sell",Corporate Bond,937.50,937.50,937.50,937.50,937.50,996.10,-58.60,-5.88,1,0.001,A,0,0,100.00,0,0.00,99.98,0.00,0.02,5354.00,57.11,10-Dec-2025,-,0.11,10.00,-,0.00,0.00,53.91,11.17,0.03
AIBLPBOND,"Buy
Sell",Corporate Bond,,,,,3449.00,3449.00,0.00,0.00,0,0,A,0,0,100.00,0,0.00,87.13,0.70,12.17,344.90,1.00,23-Dec-2025,-,0.03,10.00,-,0.00,0.00,0.00,0.00,0.00
APSCLBOND,"Buy
Sell",Corporate Bond,,,,,1815.00,1815.00,0.00,0.00,0,0,A,0,0,0.00,0,0.00,0.00,0.00,0.00,363.00,2.00,04-Dec-2025,-,0.03,5.25,-,0.00,0.00,0.00,0.00,0.00
BANKASI1PB,"Buy
Sell",Corporate Bond,,,,,8650.00,8650.00,0.00,0.00,0,0,N,0,0,0.00,0,0.00,0.00,0.00,0.00,588.63,0.68,21-Dec-2025,-,0.01,10.00,-,0.00,0.00,0.00,0.00,0.00
BEXGSUKUK,"Buy
Sell",Corporate Bond,57.50,58.00,59.00,57.50,59.00,58.50,0.50,0.85,43202,2.541,A,0,0,100.00,0,0.00,97.60,0.00,2.40,16574.53,2809.24,30-Nov-2025,-,0.77,4.57,-,0.00,0.00,50.91,2.22,0.22
CBLPBOND,"Buy
Sell",Corporate Bond,,,,,1037500.00,1037500.00,0.00,0.00,0,0,A,0,0,100.00,0,0.00,65.00,0.00,35.00,4150.00,0.04,22-Feb-2026,-,-,10.00,-,0.00,0.00,0.00,0.00,0.00
DBLPBOND,"Buy
Sell",Corporate Bond,,,,,6000.00,6000.00,0.00,0.00,0,0,A,0,0,0.00,0,0.00,0.00,0.00,0.00,240.00,0.40,27-Jan-2026,-,0.02,10.00,-,0.00,0.00,0.00,0.00,0.00
IBBL2PBOND,"Buy
Sell",Corporate Bond,,,,,4200.00,4200.00,0.00,0.00,0,0,N,0,0,0.00,0,0.00,0.00,0.00,0.00,672.00,1.60,18-Nov-2025,-,0.02,10.00,-,0.00,0.00,0.00,0.00,0.00
IBBLPBOND,"Buy
Sell",Corporate Bond,670.00,670.00,670.00,670.00,670.00,676.90,-6.90,-1.02,5,0.003,A,0,0,100.00,0,0.00,78.72,0.67,20.61,2010.00,30.00,27-Aug-2025,25-Jun-2024,0.11,7.23,-,0.00,0.00,49.03,1.11,0.10
MBPLCPBOND,"Buy
Sell",Corporate Bond,,,,,4850.00,4850.00,0.00,0.00,0,0,A,0,0,0.00,0,0.00,0.00,0.00,0.00,485.00,1.00,19-Nov-2025,-,0.02,10.00,-,0.00,0.00,0.00,0.00,0.00
MTBPBOND,"Buy
Sell",Corporate Bond,,,,,1000000.00,1000000.00,0.00,0.00,0,0,A,0,0,0.00,0,0.00,0.00,0.00,0.00,4000.00,0.04,01-Dec-2025,-,-,10.00,-,0.00,0.00,0.00,0.00,0.00
PBLPBOND,"Buy
Sell",Corporate Bond,,,,,4484.00,4484.00,0.00,0.00,0,0,A,0,0,100.00,0,0.00,99.41,0.00,0.59,448.40,1.00,16-Sep-2025,-,0.02,10.00,-,0.00,0.00,0.00,0.00,0.00
PREBPBOND,"Buy
Sell",Corporate Bond,,,,,4700.00,4700.00,0.00,0.00,0,0,A,0,0,0.00,0,0.00,0.00,0.00,0.00,188.00,0.40,15-Dec-2025,-,0.02,10.00,-,0.00,0.00,0.00,0.00,0.00
SEB1PBOND,"Buy
Sell",Corporate Bond,,,,,4800.00,4800.00,0.00,0.00,0,0,A,0,0,0.00,0,0.00,0.00,0.00,0.00,480.00,1.00,04-Sep-2025,-,0.02,10.00,-,0.00,0.00,0.00,0.00,0.00
SJIBLPBOND,"Buy
Sell",Corporate Bond,5408.00,5408.00,5408.00,5408.00,5408.00,5610.80,-202.80,-3.61,1,0.005,A,0,0,0.00,0,0.00,0.00,0.00,0.00,540.80,1.00,23-Dec-2025,-,0.02,10.00,-,0.00,0.00,55.58,0.97,-0.13
UCB2PBOND,"Buy
Sell",Corporate Bond,,,,,4700.00,4700.00,0.00,0.00,0,0,A,0,0,0.00,0,0.00,0.00,0.00,0.00,282.00,0.60,29-Jan-2026,-,0.02,10.00,-,0.00,0.00,0.00,0.00,0.00
AFTABAUTO,"Buy
Sell",Engineering,29.90,29.10,30.00,29.00,29.90,29.00,0.90,3.10,216151,6.379,Z,0,0,70.68,29.32,0.00,33.07,0.00,37.61,3155.80,1055.45,28-Oct-2025,29-Dec-2025,3.34,10.00,-,-0.81,46.06,40.11,98.93,1.26
ANWARGALV,"Buy
Sell",Engineering,103.50,102.20,105.90,102.20,103.50,103.20,0.30,0.29,788227,81.96,A,0,17.09,64.68,35.32,0.00,17.27,0.00,47.41,3124.36,301.87,27-Oct-2025,08-Feb-2026,-,-,-,3.02,4.40,67.20,740.27,1.54
APOLOISPAT,"Buy
Sell",Engineering,2.90,2.80,2.90,2.70,2.90,2.70,0.20,7.41,2461767,7.061,Z,0,0,79.76,20.24,0.00,19.22,0.36,60.18,1163.79,4013.09,21-Nov-2024,19-Dec-2024,-,-,-,-0.82,0.70,70.94,73.42,1.58
ATLASBANG,"Buy
Sell",Engineering,55.20,57.80,57.80,55.20,55.90,56.80,-0.90,-1.58,2203,0.124,Z,0,0,49.00,0,51.00,16.95,0.00,32.05,1851.81,331.27,06-Nov-2025,24-Dec-2025,-,-,-,-0.46,121.00,62.18,4.92,0.95
AZIZPIPES,"Buy
Sell",Engineering,57.00,54.00,57.00,52.60,55.80,53.90,1.90,3.53,108225,5.88,Z,0,0,88.84,11.16,0.00,7.46,0.00,81.38,298.37,53.47,28-Oct-2025,30-Dec-2025,-,-,-,-1.67,-49.03,80.88,101.74,1.32
BBS,"Buy
Sell",Engineering,10.40,10.40,10.60,10.30,10.40,10.40,0.00,0.00,787884,8.229,B,0,0,69.99,30.01,0.00,22.47,0.02,47.50,1694.47,1629.30,28-Oct-2025,23-Dec-2025,-,-,-,-0.45,10.39,62.93,103.87,1.68
BBSCABLES,"Buy
Sell",Engineering,17.20,16.90,17.30,16.80,17.20,16.90,0.30,1.78,967370,16.478,B,0,0,69.88,30.12,0.00,22.75,0.08,47.05,3641.41,2117.10,28-Oct-2025,24-Dec-2025,-,-,-,-1.69,26.32,69.16,72.48,1.52
BDAUTOCA,"Buy
Sell",Engineering,150.70,145.00,153.30,144.40,150.70,142.90,7.80,5.46,296855,44.457,B,793.89,1429,69.94,30.06,0.00,7.93,0.00,62.01,651.93,43.26,28-Oct-2025,28-Dec-2025,0.13,2.00,-,0.05,7.35,76.56,419.16,1.12
BDLAMPS,"Buy
Sell",Engineering,145.50,147.50,148.00,143.80,145.50,145.40,0.10,0.07,25728,3.755,A,0,0,38.15,61.85,0.00,9.04,0.02,29.09,1531.81,105.28,13-Oct-2025,11-Dec-2025,0.69,10.00,-,-1.09,43.39,58.34,43.10,1.41
BDTHAI,"Buy
Sell",Engineering,11.70,11.70,11.90,11.60,11.70,11.70,0.00,0.00,1146377,13.452,B,0,0,70.82,29.18,0.00,7.20,0.78,62.84,1494.97,1277.75,24-Nov-2025,30-Dec-2025,-,-,-,-1.49,27.19,58.47,210.44,1.63
BENGALWTL,"Buy
Sell",Engineering,18.80,18.50,18.90,18.20,18.80,18.20,0.60,3.30,591910,11.023,B,33.09,29.35,46.77,53.23,0.00,26.66,0.00,20.11,1719.75,914.76,27-Oct-2025,18-Dec-2025,2.66,5.00,-,0.31,26.20,65.84,58.25,1.45
BSRMLTD,"Buy
Sell",Engineering,84.10,84.40,85.00,83.90,84.10,84.10,0.00,0.00,105246,8.845,A,4.09,6.19,52.88,47.12,0.00,15.83,17.01,20.04,25110.97,2985.85,19-Oct-2025,24-Dec-2025,5.95,50.00,-,6.79,168.51,54.98,6.17,0.81
BSRMSTEEL,"Buy
Sell",Engineering,74.00,72.80,74.90,72.80,74.00,72.90,1.10,1.51,343724,25.543,A,5.29,7.09,27.94,72.06,0.00,19.44,0.25,8.25,27820.49,3759.53,19-Oct-2025,24-Dec-2025,6.76,50.00,-,5.14,90.48,58.78,18.42,1.08
COPPERTECH,"Buy
Sell",Engineering,20.50,20.90,20.90,20.10,20.50,20.30,0.20,0.99,428002,8.752,B,28.59,67.67,72.43,27.57,0.00,18.98,0.00,53.45,1343.16,655.20,29-Oct-2025,29-Jan-2026,1.05,2.15,-,0.15,14.46,59.48,110.98,1.47
DESHBANDHU,"Buy
Sell",Engineering,17.20,16.60,17.40,16.60,17.20,16.50,0.70,4.24,1257881,21.396,B,0,0,66.46,33.54,0.00,13.91,0.00,52.55,1055.48,613.65,28-Oct-2025,22-Dec-2025,-,-,-,-1.79,12.75,63.10,182.88,1.68
DOMINAGE,"Buy
Sell",Engineering,36.30,36.90,37.10,36.10,36.30,36.80,-0.50,-1.36,884774,32.389,B,736,0,69.80,30.2,0.00,15.00,0.05,54.75,3724.38,1026.00,29-Oct-2025,24-Dec-2025,0.10,0.35,-,-0.09,17.05,72.51,633.03,1.69
ECABLES,"Buy
Sell",Engineering,118.90,122.00,122.00,115.80,116.90,118.30,-1.40,-1.18,3100,0.363,B,0,0,40.92,8.08,51.00,12.76,0.00,28.16,3086.16,264.00,12-Nov-2025,24-Jan-2026,-,-,-,-1.96,337.36,54.86,4.89,1.30
GOLDENSON,"Buy
Sell",Engineering,10.40,10.20,10.50,10.20,10.40,10.20,0.20,1.96,688953,7.158,B,0,0,69.71,30.29,0.00,21.79,0.00,47.92,1785.99,1717.30,26-Nov-2025,31-Dec-2025,-,-,-,-1.03,15.04,58.27,90.64,1.71
GPHISPAT,"Buy
Sell",Engineering,17.50,17.20,17.60,17.10,17.50,17.10,0.40,2.34,832959,14.527,B,0,95,58.41,41.59,0.00,19.48,0.00,38.93,8467.96,4838.83,02-Dec-2025,31-Dec-2025,2.86,5.00,-,0.09,51.68,63.93,29.20,1.58
IFADAUTOS,"Buy
Sell",Engineering,22.40,22.20,23.10,22.10,22.40,22.10,0.30,1.36,511995,11.616,B,0,65,45.13,54.87,0.00,26.10,0.00,19.03,6008.89,2682.54,27-Oct-2025,28-Dec-2025,0.89,2.00,-,0.17,35.65,61.92,31.19,1.51
KAY&QUE,"Buy
Sell",Engineering,494.10,504.00,517.50,485.00,494.10,503.90,-9.80,-1.94,198119,100.171,B,53.1,43.22,64.76,35.24,0.00,15.25,0.00,49.51,3455.27,69.93,29-Oct-2025,11-Dec-2025,0.08,4.00,-,5.83,107.55,63.68,679.12,1.07
KDSALTD,"Buy
Sell",Engineering,42.40,42.40,42.70,42.30,42.40,42.30,0.10,0.24,332788,14.137,A,19.32,21.15,36.03,63.97,0.00,14.28,0.00,21.75,3169.04,747.41,22-Oct-2025,10-Dec-2025,2.36,10.00,-,1.00,27.70,55.10,127.61,1.55
MIRAKHTER,"Buy
Sell",Engineering,29.30,29.60,29.70,29.10,29.30,29.40,-0.10,-0.34,362643,10.64,A,17.09,24.92,51.42,48.58,0.00,9.03,0.00,42.39,3538.61,1207.72,28-Oct-2025,22-Dec-2025,3.58,10.50,-,0.59,51.56,54.79,133.32,1.60
MONNOAGML,"Buy
Sell",Engineering,378.40,347.00,397.00,347.00,378.40,379.70,-1.30,-0.34,32934,12.57,B,379.7,431.48,70.00,30,0.00,8.02,0.13,61.85,1665.06,44.00,19-Oct-2025,11-Dec-2025,0.13,5.00,-,0.44,110.95,56.80,319.92,1.19
NAHEEACP,"Buy
Sell",Engineering,22.50,22.80,22.80,22.20,22.50,22.80,-0.30,-1.32,1443482,32.476,B,0,76,67.71,32.29,0.00,19.55,0.00,48.16,1538.10,683.60,28-Oct-2025,18-Dec-2025,0.44,1.00,-,0.15,11.99,73.83,221.30,1.40
NAVANACNG,"Buy
Sell",Engineering,21.20,21.00,21.20,20.80,20.90,21.00,-0.10,-0.48,90866,1.901,Z,210,525,57.51,42.49,0.00,26.04,0.00,31.47,1579.05,755.53,28-Oct-2025,29-Dec-2025,4.78,10.00,-,0.02,30.24,48.95,46.51,1.28
NPOLYMER,"Buy
Sell",Engineering,28.50,28.50,28.80,27.80,28.50,27.70,0.80,2.89,158239,4.482,B,395.71,173.13,67.48,32.52,0.00,14.35,0.00,53.13,2080.03,729.84,26-Oct-2025,31-Dec-2025,1.75,5.00,-,0.08,29.31,57.99,49.44,1.36
NTLTUBES,"Buy
Sell",Engineering,63.70,64.30,65.00,62.80,63.70,63.90,-0.20,-0.31,69847,4.433,B,37.15,0,48.95,0.05,51.00,5.88,0.00,43.07,2218.15,348.22,09-Nov-2025,20-Dec-2025,0.16,1.00,-,-1.23,136.39,64.41,57.91,1.08
OAL,"Buy
Sell",Engineering,6.30,6.20,6.40,6.20,6.30,6.20,0.10,1.61,289310,1.821,Z,0,0,74.19,25.81,0.00,15.49,0.00,58.70,1068.02,1695.27,28-Oct-2025,24-Dec-2025,-,-,-,-0.34,9.16,63.43,45.40,1.65
OIMEX,"Buy
Sell",Engineering,13.00,13.20,13.50,13.00,13.00,13.00,0.00,0.00,288866,3.809,Z,16.67,0,64.24,35.76,0.00,19.50,0.00,44.74,950.10,730.85,05-Nov-2025,30-Dec-2025,-,-,-,-0.14,3.13,50.16,44.77,1.37
QUASEMIND,"Buy
Sell",Engineering,41.80,41.90,42.10,41.60,41.80,41.60,0.20,0.48,495848,20.74,A,40,33.55,70.00,30,0.00,17.00,0.00,53.00,3343.97,799.99,27-Oct-2025,24-Dec-2025,-,-,10.00,0.62,27.06,55.03,305.49,1.64
RANFOUNDRY,"Buy
Sell",Engineering,149.10,153.00,153.00,148.80,149.10,148.30,0.80,0.54,12974,1.946,A,38.42,34.01,50.11,49.89,0.00,30.45,0.00,19.66,1491.00,100.00,27-Oct-2025,24-Dec-2025,1.54,23.00,-,2.18,34.97,46.77,32.50,0.96
RENWICKJA,"Buy
Sell",Engineering,553.50,526.70,553.60,526.70,553.50,515.00,38.50,7.48,2528,1.387,Z,0,0,49.00,0,51.00,13.89,0.00,35.11,1107.00,20.00,27-Oct-2025,15-Dec-2025,-,-,-,-5.42,-111.01,75.65,6.25,0.51
RSRMSTEEL,"Buy
Sell",Engineering,8.10,7.70,8.20,7.70,8.10,8.00,0.10,1.25,50478,0.407,Z,0,0,70.07,29.93,0.00,34.02,0.00,36.05,819.63,1011.89,21-Nov-2021,30-Dec-2021,-,-,-,-3.75,44.94,60.23,31.61,1.55
RUNNERAUTO,"Buy
Sell",Engineering,34.00,34.40,34.40,33.70,34.00,33.90,0.10,0.29,257701,8.748,A,37.67,65.19,49.52,50.48,0.00,25.66,0.00,23.86,3860.36,1135.40,28-Oct-2025,23-Dec-2025,2.94,10.00,-,0.26,65.96,47.74,102.49,1.34
SALAMCRST,"Buy
Sell",Engineering,16.70,15.50,16.70,15.50,16.70,15.20,1.50,9.87,1445232,23.775,Z,31.02,40.71,51.50,48.5,0.00,24.24,0.00,27.26,1642.80,983.71,01-Nov-2023,23-Jan-2024,2.99,5.00,-,0.28,18.33,73.22,121.56,1.39
SHURWID,"Buy
Sell",Engineering,6.60,6.70,6.70,6.60,6.60,6.60,0.00,0.00,231481,1.536,Z,4.78,2.62,87.99,12.01,0.00,9.75,0.00,78.24,378.63,573.68,03-Nov-2019,30-Dec-2019,15.15,10.00,-,1.89,14.11,67.84,107.77,1.27
SINGERBD,"Buy
Sell",Engineering,,,,,89.90,89.90,0.00,0.00,0,0,A,0,0,43.00,57,0.00,29.79,0.00,13.21,8963.29,997.03,01-Feb-2026,20-Apr-2026,-,-,-,-22.56,1.69,0.00,0.00,0.00
SSSTEEL,"Buy
Sell",Engineering,4.80,4.70,4.80,4.60,4.80,4.60,0.20,4.35,417464,1.973,Z,27.06,0,69.06,30.94,0.00,6.80,0.00,62.26,1577.44,3286.33,17-Nov-2024,31-Dec-2024,4.17,2.00,-,-0.03,23.70,63.90,33.99,1.76
WALTONHIL,"Buy
Sell",Engineering,416.20,414.70,418.00,414.30,416.20,416.10,0.10,0.02,12299,5.114,A,12.16,19.09,32.91,67.09,0.00,0.81,0.02,32.08,138686.65,3332.21,04-Sep-2025,28-Oct-2025,4.20,175.00,10.00,10.90,358.41,62.20,3.41,0.96
WMSHIPYARD,"Buy
Sell",Engineering,8.50,8.60,8.80,8.40,8.50,8.60,-0.10,-1.16,410271,3.504,Z,0,0,69.99,30.01,0.00,15.39,0.00,54.60,1999.23,2352.04,16-Nov-2025,28-Dec-2025,-,-,-,-0.02,16.16,59.63,41.17,1.53
YPL,"Buy
Sell",Engineering,16.40,16.80,16.90,16.30,16.40,16.50,-0.10,-0.61,336445,5.555,Z,0,0,69.90,30.1,0.00,10.93,0.00,58.97,1208.66,736.99,08-Dec-2022,28-Dec-2021,-,-,-,-0.80,5.35,48.49,83.96,1.49
BAYLEASING,"Buy
Sell",Financial Institutions,5.80,5.50,5.80,5.40,5.80,5.30,0.50,9.43,1410539,8.079,Z,0,0,81.70,18.3,0.00,23.98,0.00,57.72,817.15,1408.88,29-Jun-2025,28-Aug-2025,-,-,-,-3.35,-28.55,73.54,106.93,2.11
BDFINANCE,"Buy
Sell",Financial Institutions,13.10,13.10,13.30,13.00,13.10,13.00,0.10,0.77,183492,2.418,Z,0,17.11,81.11,18.89,0.00,25.59,0.00,55.52,2465.90,1882.36,20-Apr-2025,29-May-2025,-,-,-,0.57,-29.48,50.36,36.11,1.70
BIFC,"Buy
Sell",Financial Institutions,5.50,5.40,5.50,5.20,5.50,5.00,0.50,10.00,134181,0.732,Z,0,0,61.65,38.35,0.00,41.41,0.00,20.24,553.74,1006.80,29-Jun-2025,07-Apr-2026,-,-,-,-3.93,-130.04,89.79,59.11,0.95
DBH,"Buy
Sell",Financial Institutions,38.90,39.10,39.30,38.80,38.90,39.00,-0.10,-0.26,123426,4.811,A,7.69,7.97,48.68,51.32,0.00,30.48,1.76,16.44,7891.56,2028.68,06-May-2025,19-Jun-2025,3.86,15.00,2.00,3.67,48.52,58.85,53.29,1.08
FAREASTFIN,"Buy
Sell",Financial Institutions,1.70,1.70,1.70,1.60,1.70,1.60,0.10,6.25,958819,1.624,Z,0,0,60.26,39.74,0.00,11.50,0.00,48.76,278.91,1640.63,12-May-2025,26-Jun-2025,-,-,-,-3.75,-54.23,81.85,130.99,1.50
FASFIN,"Buy
Sell",Financial Institutions,1.70,1.60,1.70,1.60,1.70,1.60,0.10,6.25,210537,0.356,Z,0,0,86.80,13.2,0.00,8.33,0.00,78.47,253.43,1490.77,30-Jun-2025,11-Oct-2025,-,-,-,-14.97,-140.52,75.77,146.17,1.51
FIRSTFIN,"Buy
Sell",Financial Institutions,5.30,5.30,5.40,5.10,5.30,5.00,0.30,6.00,553284,2.894,Z,0,0,58.69,41.31,0.00,20.05,0.00,38.64,628.29,1185.45,30-Jun-2025,11-Sep-2025,-,-,-,-4.81,-42.67,73.90,104.27,1.41
GSPFINANCE,"Buy
Sell",Financial Institutions,4.90,4.70,4.90,4.60,4.90,4.50,0.40,8.89,1947541,9.49,Z,0,0,87.98,12.02,0.00,35.39,0.00,52.59,769.64,1570.69,03-Sep-2025,14-Dec-2025,-,-,-,-5.22,-0.62,80.16,138.24,2.14
ICB,"Buy
Sell",Financial Institutions,41.40,40.50,41.80,40.50,41.40,40.40,1.00,2.48,136629,5.637,B,0,0,3.80,69.2,27.00,1.57,0.00,2.23,35904.52,8672.59,29-Oct-2025,13-Dec-2025,-,-,-,-3.59,33.77,66.51,3.61,1.61
IDLC,"Buy
Sell",Financial Institutions,42.40,41.90,42.50,41.70,42.40,41.90,0.50,1.19,530366,22.378,A,8.69,7.78,64.88,35.12,0.00,50.54,0.64,13.70,18506.90,4364.83,20-Apr-2025,03-Jun-2025,3.54,15.00,5.00,4.04,48.57,64.65,22.42,1.43
ILFSL,"Buy
Sell",Financial Institutions,1.60,1.60,1.60,1.60,1.60,1.50,0.10,6.67,1341253,2.146,Z,0,0,58.45,41.55,0.00,14.36,0.00,44.09,354.90,2218.10,25-May-2025,30-Jun-2025,-,-,-,-6.71,-219.03,72.03,173.76,1.66
IPDC,"Buy
Sell",Financial Institutions,20.50,20.50,20.60,20.20,20.50,20.30,0.20,0.99,1420005,28.954,A,21.83,23.79,38.13,40,21.87,19.73,0.06,18.34,8387.13,4091.28,17-Apr-2025,02-Jun-2025,2.44,5.00,5.00,0.64,17.07,54.53,114.33,1.82
ISLAMICFIN,"Buy
Sell",Financial Institutions,12.00,12.10,12.20,11.90,12.00,11.90,0.10,0.84,1008811,12.163,Z,0,0,67.17,32.83,0.00,24.62,0.00,42.55,1683.92,1403.27,02-Jul-2025,28-Aug-2025,-,-,-,-1.94,-1.74,69.82,115.31,1.91
LANKABAFIN,"Buy
Sell",Financial Institutions,15.60,15.50,15.80,15.50,15.60,15.40,0.20,1.30,1123230,17.601,A,30.2,21.39,66.23,33.77,0.00,22.92,0.52,42.79,8405.88,5388.39,15-Oct-2025,11-Dec-2025,-,-,-,0.54,18.87,68.04,62.10,2.00
MIDASFIN,"Buy
Sell",Financial Institutions,7.00,6.70,7.10,6.70,7.00,6.70,0.30,4.48,319211,2.24,Z,0,0,61.64,38.36,0.00,26.51,0.42,34.71,1007.25,1438.93,13-May-2025,24-Jun-2025,-,-,-,-4.72,0.01,67.89,21.22,1.88
NHFIL,"Buy
Sell",Financial Institutions,25.10,25.00,25.20,24.80,25.10,24.80,0.30,1.21,346162,8.66,A,826.67,18.24,45.09,45.57,9.34,14.91,0.00,30.18,3231.23,1287.34,30-Jun-2025,21-Sep-2025,-,-,10.00,1.02,18.98,55.82,98.23,2.01
PHOENIXFIN,"Buy
Sell",Financial Institutions,4.60,4.30,4.70,4.30,4.50,4.30,0.20,4.65,1506209,6.765,Z,0,0,73.99,26.01,0.00,19.02,0.00,54.97,746.43,1658.74,24-May-2025,11-Aug-2025,-,-,-,-19.54,-101.55,68.96,96.88,1.69
PLFSL,"Buy
Sell",Financial Institutions,1.70,1.70,1.70,1.60,1.70,1.60,0.10,6.25,1867249,3.164,Z,0,0,81.85,18.15,0.00,6.72,0.65,74.48,485.25,2854.41,04-May-2025,24-Jun-2025,-,-,-,-9.77,-152.69,77.96,160.34,1.51
PREMIERLEA,"Buy
Sell",Financial Institutions,1.80,1.80,1.80,1.80,1.80,1.70,0.10,5.88,398461,0.717,Z,0,0,79.28,20.72,0.00,10.46,0.00,68.82,239.35,1329.70,17-Aug-2025,25-Sep-2025,-,-,-,-4.67,-78.99,84.11,238.33,1.76
PRIMEFIN,"Buy
Sell",Financial Institutions,4.00,4.00,4.00,3.70,4.00,3.70,0.30,8.11,2588562,10.346,Z,0,0,40.86,59.14,0.00,7.13,0.00,33.73,1091.67,2729.16,21-Jan-2026,03-Mar-2026,-,-,-,-5.53,1.46,85.60,85.08,1.75
UNIONCAP,"Buy
Sell",Financial Institutions,5.50,5.10,5.50,5.10,5.50,5.00,0.50,10.00,3560164,19.228,Z,0,0,71.06,28.94,0.00,17.77,0.00,53.29,949.16,1725.74,30-Jun-2025,23-Sep-2025,-,-,-,-1.76,-64.78,71.20,147.23,1.91
UNITEDFIN,"Buy
Sell",Financial Institutions,12.90,13.00,13.00,12.70,12.90,12.70,0.20,1.57,397624,5.118,A,11.34,41.41,59.87,40.13,0.00,13.63,0.00,46.24,2413.78,1871.15,29-Apr-2025,24-Jun-2025,7.75,10.00,-,0.23,17.07,60.82,57.13,1.69
UTTARAFIN,"Buy
Sell",Financial Institutions,13.80,13.10,13.90,13.10,13.80,13.00,0.80,6.15,237298,3.175,Z,1.38,5.8,55.56,44.44,0.00,31.99,7.82,15.75,1814.44,1314.82,24-Aug-2020,30-Sep-2020,10.87,15.00,5.00,1.68,64.13,65.86,21.49,1.30
AMCL(PRAN),"Buy
Sell",Food & Allied,214.50,216.00,219.40,214.00,214.50,215.30,-0.80,-0.37,7520,1.627,A,42.97,31.57,59.85,40.15,0.00,27.89,0.00,31.96,1716.00,80.00,27-Oct-2025,24-Dec-2025,1.49,32.00,-,3.41,93.17,51.98,22.69,0.93
APEXFOODS,"Buy
Sell",Food & Allied,237.70,238.00,238.10,235.40,237.70,236.20,1.50,0.64,18341,4.343,A,36.85,33.65,46.61,53.39,0.00,6.00,0.00,40.61,1355.46,57.02,09-Oct-2025,29-Nov-2025,0.84,20.00,-,3.51,158.71,50.73,124.67,1.11
BANGAS,"Buy
Sell",Food & Allied,127.10,125.80,127.70,124.80,127.10,124.30,2.80,2.25,127504,16.13,B,443.93,517.92,76.96,23.04,0.00,10.53,0.09,66.34,969.09,76.25,29-Sep-2025,12-Nov-2025,0.24,3.00,-,0.12,21.14,58.16,363.78,1.09
BATBC,"Buy
Sell",Food & Allied,274.40,278.00,278.00,271.50,274.40,277.90,-3.50,-1.26,213217,58.479,A,8.57,15.62,26.45,72.91,0.64,14.43,3.23,8.79,148176.00,5400.00,06-Feb-2025,25-Mar-2025,10.93,300.00,-,13.34,105.22,54.72,5.85,1.05
BDTHAIFOOD,"Buy
Sell",Food & Allied,17.50,17.80,17.90,17.10,17.50,17.60,-0.10,-0.57,5094771,89.089,B,0,0,64.39,35.61,0.00,21.87,0.00,42.52,1426.25,815.00,29-Oct-2025,28-Dec-2025,-,-,-,-0.55,11.86,72.62,1112.87,1.51
BEACHHATCH,"Buy
Sell",Food & Allied,33.40,32.00,34.00,32.00,33.40,31.90,1.50,4.70,575297,19.141,Z,15.71,5.22,65.03,34.97,0.00,18.21,0.00,46.82,1382.79,414.01,26-Nov-2024,31-Dec-2024,2.99,10.00,-,4.58,16.49,53.69,156.86,1.11
EMERALDOIL,"Buy
Sell",Food & Allied,16.30,15.00,16.30,15.00,16.30,14.90,1.40,9.40,846109,13.422,Z,20.41,4.46,45.50,54.5,0.00,4.29,0.00,41.21,1487.73,912.72,02-Nov-2023,27-Dec-2023,6.13,10.00,-,1.67,-8.70,67.72,68.88,1.53
FINEFOODS,"Buy
Sell",Food & Allied,470.90,469.50,472.00,468.50,470.90,471.00,-0.10,-0.02,157766,74.301,A,112.68,45.64,86.08,13.92,0.00,24.00,0.00,62.08,6580.32,139.74,29-Oct-2025,20-Dec-2025,0.30,14.00,-,5.16,18.55,86.34,313.98,0.86
FUWANGFOOD,"Buy
Sell",Food & Allied,10.10,10.10,10.30,10.00,10.10,10.10,0.00,0.00,588688,5.973,Z,0,0,92.15,7.85,0.00,7.83,0.01,84.31,1119.48,1108.39,12-Nov-2024,26-Dec-2024,-,-,-,-0.33,2.31,54.38,75.18,1.69
GEMINISEA,"Buy
Sell",Food & Allied,121.70,122.50,123.60,120.60,121.70,121.60,0.10,0.08,15307,1.868,Z,26.04,0,69.99,30.01,0.00,7.22,0.24,62.53,1397.78,114.85,14-Nov-2024,29-Dec-2024,0.62,7.50,7.50,-5.30,12.31,48.77,46.91,1.27
GHAIL,"Buy
Sell",Food & Allied,11.70,11.40,12.00,11.40,11.70,11.30,0.40,3.54,1411271,16.509,B,0,0,69.58,30.42,0.00,36.51,0.22,32.85,2525.30,2158.38,28-Oct-2025,29-Dec-2025,0.85,1.00,-,-0.18,12.16,66.57,57.24,1.44
LOVELLO,"Buy
Sell",Food & Allied,70.00,61.30,70.40,61.30,70.00,67.90,2.10,3.09,1934343,134.489,A,41.15,15.94,68.17,31.83,0.00,20.84,0.00,47.33,6872.25,981.75,12-Oct-2025,28-Dec-2025,1.57,11.00,5.00,2.13,12.52,54.08,284.65,1.21
MEGCONMILK,"Buy
Sell",Food & Allied,28.00,29.50,29.50,27.20,28.00,26.90,1.10,4.09,335423,9.682,Z,0,0,62.57,37.43,0.00,6.75,0.00,55.82,448.00,160.00,29-Oct-2025,24-Dec-2025,-,-,-,-2.09,-18.19,71.55,419.16,0.96
MEGHNAPET,"Buy
Sell",Food & Allied,26.10,26.30,27.10,25.00,26.10,25.90,0.20,0.77,77764,2.06,Z,0,0,56.45,43.55,0.00,6.35,0.00,50.10,313.20,120.00,29-Oct-2025,24-Dec-2025,-,-,-,-0.21,70.21,61.87,168.83,1.06
NTC,"Buy
Sell",Food & Allied,169.20,172.00,174.90,168.20,169.20,167.20,2.00,1.20,8563,1.454,Z,0,0,55.35,39.43,5.22,31.49,0.00,23.86,5033.70,297.50,26-Jan-2025,18-Dec-2023,-,-,-,-107.49,-155.69,60.76,5.16,0.94
OLYMPIC,"Buy
Sell",Food & Allied,157.80,160.00,161.50,156.50,157.80,159.10,-1.30,-0.82,590369,93.942,A,15.82,13.28,67.62,32.38,0.00,21.90,32.83,12.89,31550.36,1999.39,28-Oct-2025,11-Dec-2025,1.90,30.00,-,5.99,65.34,62.01,50.99,1.08
RAHIMAFOOD,"Buy
Sell",Food & Allied,143.10,141.10,146.00,141.10,143.10,143.70,-0.60,-0.42,240219,34.526,B,256.61,0,64.05,35.95,0.00,6.42,0.00,57.63,2862.03,200.00,28-Oct-2025,23-Dec-2025,0.14,2.00,-,-0.14,9.29,0.00,0.00,0.00
RDFOOD,"Buy
Sell",Food & Allied,21.30,21.60,21.70,21.10,21.30,21.40,-0.10,-0.47,1345435,28.687,B,35.08,28.16,66.44,33.56,0.00,11.28,0.00,55.16,1618.25,759.74,02-Nov-2025,22-Dec-2025,0.47,1.00,-,0.38,17.32,57.81,286.86,1.50
SHYAMPSUG,"Buy
Sell",Food & Allied,169.80,166.00,174.90,166.00,169.80,168.40,1.40,0.83,21527,3.665,Z,0,0,49.00,0,51.00,8.59,0.00,40.41,849.00,50.00,27-Oct-2025,15-Dec-2025,-,-,-,-25.06,-1335.51,60.55,221.27,0.88
UNILEVERCL,"Buy
Sell",Food & Allied,2239.00,2229.60,2239.80,2229.60,2234.80,2229.50,5.30,0.24,530,1.184,A,64.4,51.31,7.20,92.8,0.00,3.58,0.11,3.51,43074.25,192.74,05-Mar-2025,15-May-2025,2.33,520.00,-,32.59,107.41,61.03,0.54,0.37
ZEALBANGLA,"Buy
Sell",Food & Allied,140.50,144.00,145.00,140.00,140.50,143.90,-3.40,-2.36,8415,1.185,Z,0,0,49.00,0,51.00,13.91,0.00,35.09,843.00,60.00,27-Oct-2025,15-Dec-2025,-,-,-,-48.94,-1188.13,54.38,90.48,1.03
AOL,"Buy
Sell",Fuel & Power,16.40,16.20,16.60,15.80,16.40,15.90,0.50,3.14,311810,5.077,Z,9.52,10,69.35,30.65,0.00,13.40,0.07,55.88,1800.42,1097.82,08-Jan-2024,18-Feb-2024,0.61,1.00,-,1.59,19.33,60.82,98.60,1.76
BARKAPOWER,"Buy
Sell",Fuel & Power,8.10,8.10,8.20,8.00,8.10,8.10,0.00,0.00,336520,2.732,Z,22.5,36.82,70.01,29.99,0.00,22.78,0.00,47.23,1907.27,2354.66,29-Oct-2025,24-Dec-2025,-,-,-,0.11,22.74,58.23,46.03,1.47
BDWELDING,"Buy
Sell",Fuel & Power,18.40,19.00,19.80,17.70,18.40,19.50,-1.10,-5.64,208888,3.925,Z,0,0,68.99,31.01,0.00,2.88,0.72,65.39,797.63,433.49,10-Aug-2020,17-Sep-2020,-,-,1.00,0.08,11.61,53.14,126.05,1.30
BPPL,"Buy
Sell",Fuel & Power,15.50,15.70,15.80,15.40,15.50,15.50,0.00,0.00,1631303,25.452,B,11.31,5.42,64.24,35.76,0.00,10.22,0.00,54.02,2681.43,1729.95,29-Oct-2025,24-Dec-2025,1.29,2.00,-,1.43,28.90,50.90,442.55,1.48
CVOPRL,"Buy
Sell",Fuel & Power,166.80,167.90,168.90,166.50,166.80,166.10,0.70,0.42,269060,44.998,A,43.48,20.97,54.69,45.31,0.00,18.60,0.15,35.94,5048.83,302.69,28-Sep-2025,10-Dec-2025,0.66,11.00,9.00,3.96,30.78,57.00,400.49,1.30
DESCO,"Buy
Sell",Fuel & Power,23.80,23.30,23.90,23.30,23.80,23.60,0.20,0.85,84164,2.002,Z,0,5.18,32.34,0,67.66,23.51,0.04,8.79,9462.16,3975.70,12-Oct-2025,17-Jan-2026,-,-,-,2.28,39.76,64.70,7.24,1.03
DOREENPWR,"Buy
Sell",Fuel & Power,29.20,29.20,29.50,28.80,29.20,29.20,0.00,0.00,442087,12.888,A,9.15,4.79,33.39,66.61,0.00,18.60,0.00,14.79,5288.67,1811.19,26-Oct-2025,31-Dec-2025,3.42,10.00,-,3.05,55.15,53.62,91.64,1.34
EASTRNLUB,"Buy
Sell",Fuel & Power,1581.20,1598.80,1598.80,1573.50,1581.20,1585.70,-4.50,-0.28,7561,12.012,A,36.71,40.6,33.96,15.04,51.00,10.00,0.00,23.96,3765.51,23.81,23-Nov-2025,31-Jan-2026,0.51,80.00,50.00,19.53,228.89,35.61,84.32,0.78
EPGL,"Buy
Sell",Fuel & Power,17.20,17.80,17.80,17.10,17.20,17.30,-0.10,-0.58,488107,8.457,B,0,0,45.86,54.14,0.00,16.62,0.00,29.24,3270.81,1901.63,16-Nov-2025,15-Dec-2025,1.16,2.00,-,-6.73,26.05,64.89,56.21,1.77
GBBPOWER,"Buy
Sell",Fuel & Power,8.60,8.60,8.80,8.50,8.60,8.40,0.20,2.38,309682,2.672,Z,76.36,60,67.99,32.01,0.00,12.30,0.00,55.69,875.51,1018.04,29-Oct-2025,22-Dec-2025,-,-,-,0.07,20.38,62.70,94.50,1.53
INTRACO,"Buy
Sell",Fuel & Power,19.40,19.40,19.50,19.20,19.40,19.30,0.10,0.52,201594,3.907,Z,22.44,28.38,69.94,30.06,0.00,22.18,0.04,47.72,1905.72,982.33,19-Nov-2025,30-Dec-2025,0.64,1.25,-,0.34,13.57,44.95,134.20,1.77
JAMUNAOIL,"Buy
Sell",Fuel & Power,177.00,176.40,177.50,176.40,177.00,176.10,0.90,0.51,36809,6.51,A,3,4.49,39.92,0,60.08,30.32,0.29,9.31,19545.15,1104.25,13-Nov-2025,31-Jan-2026,10.17,180.00,-,19.63,291.67,58.39,12.23,0.50
KPCL,"Buy
Sell",Fuel & Power,11.00,11.10,11.10,10.90,11.00,10.90,0.10,0.92,266663,2.934,Z,37.59,10.69,30.01,69.99,0.00,9.32,0.00,20.69,4371.54,3974.13,28-Oct-2025,28-Dec-2025,4.55,5.00,-,0.51,19.39,59.53,27.85,0.85
LINDEBD,"Buy
Sell",Fuel & Power,837.80,836.80,843.90,836.10,837.80,835.80,2.00,0.24,3420,2.867,A,1.98,33.34,40.00,60,0.00,21.90,0.10,18.00,12749.87,152.18,16-Mar-2025,29-May-2025,53.71,4500.00,-,18.80,208.14,57.98,12.34,0.81
LRBDL,"Buy
Sell",Fuel & Power,10.00,9.90,10.10,9.80,10.00,9.90,0.10,1.01,249966,2.499,Z,0,0,64.27,35.73,0.00,9.32,0.00,54.95,1452.43,1452.43,30-Nov-2025,28-Dec-2025,-,-,-,-1.64,31.08,57.18,40.95,1.76
MJLBD,"Buy
Sell",Fuel & Power,93.10,92.20,93.60,92.20,93.10,93.20,-0.10,-0.11,56378,5.256,A,8.2,12.07,28.48,71.52,0.00,22.39,0.00,6.09,29489.61,3167.52,28-Oct-2025,22-Dec-2025,5.59,52.00,-,3.86,52.72,55.19,14.06,0.88
MPETROLEUM,"Buy
Sell",Fuel & Power,201.90,202.30,203.00,201.20,201.90,201.00,0.90,0.45,11910,2.403,A,3.27,3.52,41.33,0,58.67,32.83,0.09,8.41,21848.83,1082.16,10-Nov-2025,24-Jan-2026,9.91,200.00,-,28.59,287.10,55.55,6.46,0.36
PADMAOIL,"Buy
Sell",Fuel & Power,182.40,181.80,183.00,181.80,182.50,182.00,0.50,0.27,164889,30.055,A,3.18,2.98,47.59,2.06,50.35,32.99,0.03,14.57,17927.48,982.33,06-Nov-2025,03-Jan-2026,8.77,160.00,-,30.54,305.40,67.51,50.04,0.53
POWERGRID,"Buy
Sell",Fuel & Power,31.80,31.70,32.10,31.60,31.80,31.60,0.20,0.63,49537,1.574,Z,0,3.03,19.50,58.5,22.00,14.56,0.01,4.93,29059.06,9138.07,10-Nov-2025,24-Jan-2026,-,-,-,5.22,148.36,55.60,3.73,1.15
SPCL,"Buy
Sell",Fuel & Power,50.70,51.40,51.40,50.60,50.70,50.70,0.00,0.00,1081621,54.956,A,20.04,8.34,42.39,57.61,0.00,17.28,0.00,25.11,9462.22,1866.32,28-Oct-2025,14-Jan-2026,3.94,20.00,-,3.04,42.28,53.55,203.98,1.02
SUMITPOWER,"Buy
Sell",Fuel & Power,14.60,14.10,14.70,14.00,14.60,14.00,0.60,4.29,2475584,35.71,A,36.84,7.29,36.81,63.19,0.00,18.07,3.65,15.09,15591.01,10678.77,23-Oct-2025,24-Dec-2025,7.19,10.50,-,0.96,40.48,73.60,21.10,0.96
TITASGAS,"Buy
Sell",Fuel & Power,17.40,17.20,17.60,17.00,17.30,17.20,0.10,0.58,462086,8.022,B,0,0,25.00,0,75.00,15.03,0.03,9.94,17113.54,9892.22,28-Oct-2025,24-Dec-2025,1.16,2.00,-,-3.95,85.98,51.61,12.41,1.35
UPGDCL,"Buy
Sell",Fuel & Power,126.30,126.90,126.90,125.50,126.10,125.90,0.20,0.16,21439,2.699,A,6.09,6.3,10.00,90,0.00,7.47,0.01,2.52,73099.57,5796.95,27-Oct-2025,30-Dec-2025,5.15,65.00,-,10.00,77.39,60.11,1.56,0.80
AGRANINS,"Buy
Sell",Insurance,23.60,24.00,24.00,23.60,23.70,23.60,0.10,0.42,31014,0.734,A,15.32,118,72.25,27.75,0.00,21.86,0.00,50.39,853.64,360.19,28-Apr-2025,19-Jun-2025,2.53,6.00,6.00,0.15,18.32,48.56,66.69,1.39
ASIAINS,"Buy
Sell",Insurance,41.50,42.70,42.70,41.10,41.50,41.90,-0.40,-0.95,543364,22.626,A,20.34,21.67,62.12,37.88,0.00,15.84,0.00,46.28,1953.40,470.70,22-Jun-2025,26-Aug-2025,2.41,10.00,-,1.45,28.93,61.95,792.30,1.50
ASIAPACINS,"Buy
Sell",Insurance,38.50,39.90,40.90,38.30,38.50,38.80,-0.30,-0.77,146245,5.664,A,20.53,13.41,66.39,33.61,0.00,33.43,0.00,32.96,1630.48,423.50,04-May-2025,07-Aug-2025,2.60,10.00,-,2.17,24.96,51.61,287.22,1.37
BGIC,"Buy
Sell",Insurance,34.20,34.20,34.50,33.90,34.20,34.10,0.10,0.29,49007,1.672,A,24.36,14.78,66.60,33.4,0.00,47.53,0.00,19.07,1847.73,540.27,29-Apr-2025,22-Jun-2025,2.92,10.00,-,1.73,20.03,50.31,42.91,1.14
BNICL,"Buy
Sell",Insurance,55.50,56.00,57.00,55.20,55.50,55.50,0.00,0.00,239979,13.43,A,13.25,11.86,39.87,60.13,0.00,10.19,0.00,29.68,2455.88,442.50,23-Apr-2025,24-Jun-2025,3.60,20.00,-,3.51,29.96,55.86,376.20,1.31
CENTRALINS,"Buy
Sell",Insurance,41.80,42.20,42.80,41.60,41.80,42.00,-0.20,-0.48,715212,30.37,A,22.7,21.72,60.63,39.33,0.04,15.31,0.00,45.32,2221.45,531.45,28-Apr-2025,25-Jun-2025,2.87,12.00,-,1.45,50.33,44.12,335.32,1.33
CITYGENINS,"Buy
Sell",Insurance,85.60,85.70,86.30,85.20,85.60,85.90,-0.30,-0.35,609811,52.094,A,27.89,25.26,63.94,36.06,0.00,37.47,0.01,26.46,5835.02,681.66,10-Feb-2026,30-Mar-2026,1.17,10.00,-,3.40,23.24,56.45,193.53,0.89
CLICL,"Buy
Sell",Insurance,58.30,58.10,59.10,58.10,58.30,58.50,-0.20,-0.34,412776,24.219,B,0,0,40.00,60,0.00,7.92,0.00,32.08,2186.25,375.00,30-Jun-2025,25-Aug-2025,-,-,-,-0.11,8.94,53.41,468.42,1.24
CONTININS,"Buy
Sell",Insurance,25.90,26.10,26.10,25.60,25.90,25.80,0.10,0.39,144763,3.741,B,18.17,15.73,68.46,31.54,0.00,7.12,0.00,61.34,1131.46,436.86,30-Apr-2025,07-Aug-2025,1.93,5.00,-,1.23,22.57,51.07,169.87,1.54
CRYSTALINS,"Buy
Sell",Insurance,76.20,78.30,78.30,76.00,76.20,76.20,0.00,0.00,73475,5.659,A,24.35,22.81,42.00,58,0.00,13.23,0.01,28.76,3352.80,440.00,17-Feb-2026,30-Mar-2026,1.57,12.00,-,3.34,27.65,47.76,438.77,1.63
DELTALIFE,"Buy
Sell",Insurance,76.10,76.30,77.10,75.10,76.10,75.70,0.40,0.53,77799,5.948,A,0,0,53.17,46.83,0.00,16.65,0.00,36.52,9417.38,1237.50,02-Jun-2025,26-Jul-2025,3.94,30.00,-,0.00,0.00,55.43,18.86,1.53
DGIC,"Buy
Sell",Insurance,21.90,21.80,21.90,21.50,21.70,21.60,0.10,0.46,54597,1.182,B,0,27.46,47.89,52.11,0.00,4.68,0.00,43.21,868.00,400.00,29-May-2025,16-Sep-2025,0.46,1.00,-,0.59,11.89,50.04,106.59,1.43
DHAKAINS,"Buy
Sell",Insurance,39.70,39.30,40.50,39.30,39.70,39.40,0.30,0.76,69715,2.764,A,16.35,17.59,45.19,54.81,0.00,12.17,0.07,32.95,1592.96,401.25,03-Jun-2025,07-Aug-2025,2.52,10.00,-,1.68,36.86,52.86,104.08,1.51
EASTERNINS,"Buy
Sell",Insurance,53.80,55.60,55.60,53.70,53.80,53.90,-0.10,-0.19,58627,3.168,A,22.18,14.59,55.14,44.86,0.00,29.88,0.00,25.26,2319.33,431.10,29-Apr-2025,14-Jul-2025,2.79,15.00,-,2.77,52.02,46.04,138.41,1.57
EASTLAND,"Buy
Sell",Insurance,21.40,21.50,21.70,21.30,21.40,21.40,0.00,0.00,185697,3.987,A,20,23.26,58.89,41.11,0.00,22.65,0.00,36.24,1795.04,838.81,13-Apr-2025,30-Jun-2025,4.67,10.00,-,0.69,21.25,51.15,123.67,1.27
EIL,"Buy
Sell",Insurance,29.10,29.40,29.50,29.00,29.10,29.20,-0.10,-0.34,265548,7.74,B,23.74,22.58,40.00,60,0.00,4.37,0.00,35.63,1897.25,651.97,04-May-2025,01-Jul-2025,1.72,5.00,-,0.97,19.71,48.29,191.29,1.18
FAREASTLIF,"Buy
Sell",Insurance,24.00,24.20,24.30,24.00,24.00,24.00,0.00,0.00,10890,0.262,Z,0,0,79.92,20.08,0.00,43.07,0.00,36.85,1793.83,747.43,01-Nov-2021,22-Dec-2021,-,-,-,0.00,0.00,63.99,22.55,1.70
FEDERALINS,"Buy
Sell",Insurance,21.10,20.80,21.20,20.80,21.10,20.80,0.30,1.44,125104,2.63,A,20.59,18.35,61.74,38.26,0.00,1.25,0.00,60.49,1498.94,710.40,30-Apr-2025,14-Aug-2025,4.74,10.00,-,0.85,12.79,53.55,95.96,1.35
GLOBALINS,"Buy
Sell",Insurance,29.30,29.80,29.80,29.20,29.30,29.40,-0.10,-0.34,170446,5.016,A,18.61,21.94,64.68,35.32,0.00,12.15,0.00,52.53,1188.17,405.52,08-Jul-2025,25-Aug-2025,3.41,10.00,-,0.99,14.53,55.29,228.00,1.57
GREENDELT,"Buy
Sell",Insurance,57.30,57.40,58.70,56.90,57.30,57.50,-0.20,-0.35,138799,7.941,A,10.67,10.57,69.42,30.58,0.00,22.95,4.60,41.87,5740.78,1001.88,16-Feb-2026,31-Mar-2026,4.71,27.00,-,5.44,70.53,52.81,32.32,1.42
ICICL,"Buy
Sell",Insurance,23.00,22.90,23.10,22.80,23.00,22.80,0.20,0.88,148201,3.406,A,20.36,34.2,58.70,41.3,0.00,6.49,0.00,52.21,1165.01,506.53,04-May-2025,31-Jul-2025,4.35,10.00,-,0.50,16.63,47.86,147.53,1.56
ISLAMIINS,"Buy
Sell",Insurance,39.20,39.80,39.80,39.10,39.20,39.30,-0.10,-0.25,18440,0.723,A,11.52,15.12,54.39,45.61,0.00,8.79,0.00,45.60,1613.68,411.65,04-May-2025,31-Jul-2025,5.10,20.00,-,1.95,22.57,45.02,44.12,1.42
JANATAINS,"Buy
Sell",Insurance,26.00,25.70,26.10,25.70,26.00,25.70,0.30,1.17,108065,2.802,A,19.62,16.2,60.13,39.87,0.00,8.89,0.00,51.24,1260.55,484.83,26-Jun-2025,26-Aug-2025,2.31,6.00,4.00,1.19,15.21,49.29,102.14,1.43
KARNAPHULI,"Buy
Sell",Insurance,30.60,30.70,31.00,30.50,30.60,30.50,0.10,0.33,299680,9.196,A,14.19,13.3,67.26,32.74,0.00,6.74,0.00,60.52,1373.21,448.76,04-May-2025,30-Jul-2025,3.27,10.00,-,1.72,23.47,48.31,348.05,1.42
MEGHNAINS,"Buy
Sell",Insurance,30.30,31.00,31.00,30.20,30.30,30.50,-0.20,-0.66,919541,28.034,A,23.28,23.34,73.34,26.66,0.00,21.60,0.00,51.74,1212.00,400.00,21-Apr-2025,18-Jun-2025,3.30,10.00,-,0.98,14.19,52.27,766.14,1.49
MEGHNALIFE,"Buy
Sell",Insurance,55.10,55.00,55.60,54.70,55.10,55.20,-0.10,-0.18,209061,11.496,A,34.29,0,69.89,30.11,0.00,20.05,0.00,49.84,2336.53,424.05,02-Jul-2025,28-Aug-2025,2.72,15.00,-,1.61,22.90,53.41,124.39,1.45
MERCINS,"Buy
Sell",Insurance,24.80,25.10,25.20,24.70,24.80,24.70,0.10,0.40,17962,0.445,A,12.73,28.95,68.57,31.43,0.00,32.09,0.00,36.48,1068.76,430.95,29-Apr-2025,26-Jun-2025,4.03,10.00,-,0.64,17.74,46.98,28.24,1.04
NATLIFEINS,"Buy
Sell",Insurance,104.00,104.20,104.50,104.00,104.20,104.10,0.10,0.10,74555,7.761,A,26.62,26.62,40.94,59.06,0.00,18.31,0.00,22.63,11307.99,1085.22,29-Jul-2025,30-Sep-2025,3.36,35.00,-,3.91,58.43,54.72,25.59,0.95
NITOLINS,"Buy
Sell",Insurance,30.00,30.40,31.00,29.00,29.90,29.60,0.30,1.01,94669,2.88,A,15.03,21.98,65.00,35,0.00,26.28,0.00,38.72,1262.32,422.18,13-May-2025,19-Aug-2025,1.67,5.00,5.00,1.01,30.38,56.85,62.93,1.12
NORTHRNINS,"Buy
Sell",Insurance,30.80,30.50,31.30,30.40,30.90,30.50,0.40,1.31,28112,0.864,A,16.85,16,69.00,31,0.00,34.71,0.00,34.29,1318.18,426.60,30-Apr-2025,16-Aug-2025,3.24,10.00,-,1.43,25.23,49.59,34.30,1.22
PADMALIFE,"Buy
Sell",Insurance,17.50,17.50,17.60,17.40,17.50,17.50,0.00,0.00,75705,1.326,Z,0,0,68.44,31.56,0.00,17.87,0.00,50.57,680.40,388.80,21-Jul-2025,25-Sep-2025,-,-,-,0.00,0.00,53.52,23.03,1.55
PARAMOUNT,"Buy
Sell",Insurance,53.30,54.70,54.70,52.50,53.30,53.80,-0.50,-0.93,306677,16.43,A,24.13,16.54,51.52,48.48,0.00,20.21,0.03,31.28,2167.44,406.65,20-Mar-2025,27-May-2025,1.88,10.00,-,2.44,28.75,49.72,385.18,1.31
PEOPLESINS,"Buy
Sell",Insurance,40.10,41.40,41.40,39.90,40.10,40.40,-0.30,-0.74,270292,10.903,A,14.23,13.17,65.51,34.49,0.00,16.78,0.00,48.73,1852.62,462.00,29-Apr-2025,30-Jun-2025,2.62,10.50,-,2.30,36.06,55.78,309.50,1.32
PHENIXINS,"Buy
Sell",Insurance,30.80,31.20,31.80,30.50,30.80,31.20,-0.40,-1.28,167181,5.177,A,20.66,14.53,61.83,38.17,0.00,15.20,0.00,46.63,1242.52,403.42,06-May-2025,23-Jul-2025,3.25,10.00,-,1.61,33.95,46.88,299.37,1.44
PIONEERINS,"Buy
Sell",Insurance,53.10,53.80,53.80,53.00,53.10,53.20,-0.10,-0.19,146643,7.793,A,11.11,12.67,60.06,39.94,0.00,29.63,0.00,30.43,5193.26,978.01,06-Mar-2025,06-May-2025,4.71,25.00,-,3.15,46.71,53.74,80.50,1.41
POPULARLIF,"Buy
Sell",Insurance,51.60,52.80,52.80,51.30,51.60,51.50,0.10,0.19,320037,16.513,A,20.36,0,76.30,23.7,0.00,21.84,0.00,54.46,3118.10,604.28,29-Jun-2025,23-Sep-2025,3.88,20.00,-,2.53,89.01,65.19,135.32,1.37
PRAGATIINS,"Buy
Sell",Insurance,76.20,77.00,77.10,75.90,76.20,76.00,0.20,0.26,338179,25.783,A,13.55,18.04,58.01,41.99,0.00,22.83,0.00,35.18,6008.30,788.49,20-Apr-2025,19-Jun-2025,2.62,20.00,7.00,3.16,56.44,50.31,251.28,1.46
PRAGATILIF,"Buy
Sell",Insurance,244.70,241.90,246.00,240.70,244.70,238.30,6.40,2.69,163024,39.696,A,0,0,59.38,40.62,0.00,21.48,0.00,37.90,7963.83,325.45,28-Jul-2025,14-Sep-2025,0.61,15.00,-,0.00,0.00,61.14,387.58,1.11
PRIMEINSUR,"Buy
Sell",Insurance,33.00,33.60,33.60,32.20,32.80,32.80,0.00,0.00,59785,1.953,A,16,12,68.25,31.75,0.00,19.64,0.00,48.61,1340.78,408.77,28-Apr-2025,14-Jul-2025,3.05,10.00,-,2.05,22.84,46.45,67.16,1.19
PRIMELIFE,"Buy
Sell",Insurance,36.40,37.00,37.00,36.10,36.40,36.70,-0.30,-0.82,29587,1.08,B,0,0,63.92,36.08,0.00,33.90,0.18,29.84,1110.94,305.20,14-Jul-2025,29-Sep-2025,-,-,-,0.00,0.00,49.80,48.33,1.51
PROGRESLIF,"Buy
Sell",Insurance,44.80,46.50,46.50,43.60,43.90,44.50,-0.60,-1.35,31557,1.401,Z,0,0,61.18,38.82,0.00,9.61,0.00,51.57,730.63,166.43,28-Apr-2025,29-Jun-2025,-,-,-,0.00,0.00,44.40,21.77,0.95
PROVATIINS,"Buy
Sell",Insurance,32.90,32.10,33.00,32.10,32.90,32.40,0.50,1.54,150545,4.933,A,16.45,24.55,67.62,32.38,0.00,17.79,0.00,49.83,1326.27,403.12,29-Apr-2025,03-Aug-2025,3.04,10.00,-,0.99,21.71,56.13,217.11,1.12
PURABIGEN,"Buy
Sell",Insurance,21.90,22.00,22.10,21.70,21.90,21.70,0.20,0.92,68605,1.502,A,14.09,13.23,68.42,31.58,0.00,26.59,0.16,41.67,1309.89,598.13,13-May-2025,01-Sep-2025,4.57,10.00,-,1.23,14.55,54.68,146.99,1.35
RELIANCINS,"Buy
Sell",Insurance,74.00,73.40,74.80,73.40,73.90,73.30,0.60,0.82,30843,2.283,A,8.04,6.91,32.05,67.95,0.00,4.48,0.00,27.57,7771.40,1051.61,11-Feb-2025,25-Mar-2025,4.06,30.00,-,7.96,76.62,58.58,21.02,1.29
REPUBLIC,"Buy
Sell",Insurance,33.00,33.60,34.20,33.00,33.30,33.60,-0.30,-0.89,146248,4.907,A,16.08,17.14,58.33,41.67,0.00,21.28,0.00,37.05,1821.65,547.04,04-May-2025,25-Jun-2025,1.80,6.00,5.00,1.47,19.29,49.25,221.74,1.38
RUPALIINS,"Buy
Sell",Insurance,23.40,23.40,23.70,23.20,23.40,23.40,0.00,0.00,114835,2.687,A,23.64,18.47,53.65,46.35,0.00,17.80,0.00,35.85,1793.97,766.65,27-Apr-2025,30-Jul-2025,4.27,10.00,-,0.95,20.25,49.64,86.76,1.54
RUPALILIFE,"Buy
Sell",Insurance,87.90,88.20,89.00,87.50,87.90,87.40,0.50,0.57,227297,20.023,A,0,0,67.93,32.07,0.00,21.16,0.00,46.77,2638.25,300.14,01-Sep-2025,03-Nov-2025,1.14,10.00,-,0.00,0.00,49.70,545.86,1.44
SANDHANINS,"Buy
Sell",Insurance,21.20,21.30,21.30,21.00,21.20,21.20,0.00,0.00,213668,4.519,A,18.43,18.43,68.33,31.67,0.00,14.63,0.00,53.70,2325.61,1096.99,30-Jul-2025,25-Sep-2025,5.66,12.00,-,1.15,18.31,53.47,64.08,1.49
SICL,"Buy
Sell",Insurance,21.10,21.40,21.40,20.80,21.10,21.10,0.00,0.00,158747,3.329,B,16.48,25.12,49.60,50.4,0.00,3.78,0.00,45.82,844.00,400.00,14-May-2025,24-Sep-2024,2.37,5.00,-,0.63,10.35,53.92,155.13,1.64
SIPLC,"Buy
Sell",Insurance,61.20,60.40,61.70,60.20,61.20,59.80,1.40,2.34,525433,32.071,A,13.94,11.57,40.00,60,0.00,12.35,0.00,27.65,2448.00,400.00,17-Feb-2026,31-Mar-2026,2.45,15.00,-,5.17,28.58,63.02,314.31,1.65
SONALILIFE,"Buy
Sell",Insurance,62.90,63.20,64.30,62.00,62.60,63.50,-0.90,-1.42,124896,7.837,A,36.71,0,45.15,54.85,0.00,6.94,0.00,38.21,2973.50,475.00,12-Nov-2025,24-Dec-2025,2.40,15.00,-,1.73,39.64,42.80,72.73,1.30
SONARBAINS,"Buy
Sell",Insurance,28.80,29.60,29.60,28.60,28.80,28.90,-0.10,-0.35,51075,1.475,A,144.5,16.55,60.48,39.52,0.00,11.76,0.00,48.72,1210.85,420.44,25-Jun-2025,11-Sep-2025,3.47,10.00,-,1.31,20.18,49.53,177.63,1.55
STANDARINS,"Buy
Sell",Insurance,41.10,40.80,41.50,40.70,41.10,41.10,0.00,0.00,156813,6.441,A,17.79,15.04,35.72,64.28,0.00,10.98,0.00,24.74,1779.49,432.97,29-Apr-2025,22-May-2025,2.43,10.00,-,2.05,22.42,48.57,191.57,1.16
SUNLIFEINS,"Buy
Sell",Insurance,54.50,53.70,54.80,53.40,54.50,53.80,0.70,1.30,625006,33.776,B,0,0,64.34,35.66,0.00,8.32,0.00,56.02,1948.96,357.61,30-Jun-2025,29-Sep-2025,0.02,0.10,-,0.00,0.00,52.30,349.53,0.98
TAKAFULINS,"Buy
Sell",Insurance,33.60,33.80,33.80,32.90,33.20,32.90,0.30,0.91,7708,0.256,A,22.53,21.84,51.07,48.93,0.00,19.82,0.06,31.19,1413.89,425.87,28-May-2025,16-Aug-2025,3.01,10.00,-,1.13,19.19,47.24,32.81,1.03
TILIL,"Buy
Sell",Insurance,46.20,46.10,46.80,45.80,46.20,46.00,0.20,0.43,285353,13.205,B,230,0,46.62,53.38,0.00,6.55,0.00,40.07,1848.00,400.00,18-Aug-2025,30-Sep-2025,1.08,5.00,-,0.20,12.13,44.64,445.12,1.67
UNIONINS,"Buy
Sell",Insurance,35.70,35.70,36.50,35.50,35.70,35.60,0.10,0.28,206197,7.369,A,19.04,14.83,43.02,56.98,0.00,13.76,0.00,29.26,1727.96,484.02,28-May-2025,14-Sep-2025,2.80,10.00,-,1.80,19.13,45.97,207.56,1.72
UNITEDINS,"Buy
Sell",Insurance,42.80,44.70,44.70,42.70,42.80,42.80,0.00,0.00,28033,1.201,A,18.94,13.66,40.10,59.9,0.00,21.16,0.00,18.94,1904.60,445.00,22-Apr-2025,24-Jun-2025,3.50,15.00,-,2.35,31.59,45.96,47.63,1.14
AAMRANET,"Buy
Sell",IT Sector,17.30,16.90,17.40,16.90,17.20,16.90,0.30,1.78,262711,4.521,Z,6.87,16.46,66.96,33.04,0.00,21.54,0.00,45.42,1599.25,929.80,29-Oct-2024,31-Dec-2024,5.81,10.00,-,0.77,36.78,54.81,44.06,1.34
AAMRATECH,"Buy
Sell",IT Sector,12.10,12.90,13.20,12.10,12.30,12.00,0.30,2.50,102563,1.283,Z,0,0,69.99,30.01,0.00,32.61,0.00,37.38,795.90,647.07,29-Oct-2024,31-Dec-2024,0.81,1.00,-,-0.97,20.66,60.17,33.39,1.51
ADNTEL,"Buy
Sell",IT Sector,64.80,65.00,66.30,64.20,64.80,65.10,-0.30,-0.46,571789,37.204,A,25.53,25.83,59.24,40.76,0.00,22.84,1.99,34.41,4189.43,646.52,28-Oct-2025,15-Dec-2025,1.54,10.00,-,1.26,33.08,60.24,282.72,1.32
AGNISYSL,"Buy
Sell",IT Sector,22.40,22.30,22.50,22.10,22.40,22.10,0.30,1.36,1119617,24.948,B,27.28,19.39,69.97,30.03,0.00,12.46,0.00,57.51,1625.26,725.56,28-Oct-2025,29-Dec-2025,1.12,2.50,-,0.57,17.27,62.07,256.28,1.29
BDCOM,"Buy
Sell",IT Sector,28.50,27.40,29.00,27.30,28.50,27.20,1.30,4.78,2319102,65.174,A,31.63,30.22,70.00,30,0.00,10.78,0.00,59.22,1793.73,629.38,27-Oct-2025,18-Dec-2025,1.75,5.00,5.00,0.45,15.53,67.11,331.97,1.75
DAFODILCOM,"Buy
Sell",IT Sector,61.30,59.10,61.30,58.50,60.90,58.70,2.20,3.75,237785,14.239,B,366.88,139.76,58.60,41.4,0.00,34.62,0.06,23.92,3039.66,499.12,02-Nov-2025,29-Dec-2025,-,-,-,0.21,13.11,83.99,91.33,0.70
EGEN,"Buy
Sell",IT Sector,22.60,22.20,22.90,22.00,22.60,22.10,0.50,2.26,2228782,50.119,B,29.47,29.86,69.93,30.07,0.00,13.67,0.53,55.73,1695.00,750.00,30-Oct-2025,29-Dec-2025,1.00,2.25,-,0.37,23.52,68.46,442.95,1.64
GENEXIL,"Buy
Sell",IT Sector,28.30,28.20,28.50,27.80,28.30,27.80,0.50,1.80,1194180,33.649,B,12.81,9.52,69.95,30.05,0.00,18.71,0.09,51.15,3408.74,1204.50,07-Dec-2025,30-Dec-2025,0.35,1.00,-,1.46,23.52,59.37,254.54,1.72
INTECH,"Buy
Sell",IT Sector,37.40,34.20,37.50,33.50,37.40,34.10,3.30,9.68,3593235,128.029,B,0,0,70.00,30,0.00,9.12,0.06,60.82,1171.41,313.21,02-Nov-2025,18-Dec-2025,-,-,-,-0.18,-0.62,78.92,778.89,1.53
ISNLTD,"Buy
Sell",IT Sector,81.20,75.20,82.50,74.90,81.20,75.00,6.20,8.27,817929,64.192,B,0,3750,78.52,21.48,0.00,13.77,0.00,64.75,886.70,109.20,22-Oct-2025,14-Dec-2025,-,-,-,0.01,2.43,63.84,545.16,1.30
ITC,"Buy
Sell",IT Sector,40.10,40.00,40.30,39.80,40.10,39.70,0.40,1.01,466705,18.69,A,10.97,11.15,48.91,51.09,0.00,16.68,0.01,32.22,5156.57,1285.93,27-Oct-2025,07-Dec-2025,2.99,12.00,-,1.78,23.83,55.64,137.56,1.39
JUTESPINN,"Buy
Sell",Jute,245.50,246.60,252.80,227.00,245.50,232.80,12.70,5.46,35863,8.565,Z,0,0,60.18,39.82,0.00,23.20,0.00,36.98,417.35,17.00,29-Oct-2025,17-Dec-2016,-,-,-,-19.96,-644.15,76.63,85.58,0.79
NORTHERN,"Buy
Sell",Jute,116.80,110.00,116.80,110.00,116.80,106.20,10.60,9.98,42273,4.88,Z,9.37,0,84.91,15.09,0.00,0.00,0.00,84.91,250.19,21.42,29-Oct-2020,27-Dec-2020,0.43,5.00,-,-6.24,75.43,78.63,64.21,1.01
SONALIANSH,"Buy
Sell",Jute,175.10,174.70,176.30,174.60,175.10,174.60,0.50,0.29,54595,9.557,Z,19.86,23.92,68.98,31.02,0.00,8.19,0.00,60.79,1899.48,108.48,19-Nov-2025,31-Dec-2025,0.86,15.00,-,3.65,36.45,36.66,274.00,1.27
AMANFEED,"Buy
Sell",Miscellaneous,24.40,24.70,24.70,24.30,24.40,24.20,0.20,0.83,474824,11.577,A,110,26.3,36.74,63.26,0.00,10.46,0.03,26.25,3195.68,1309.70,27-Oct-2025,29-Dec-2025,4.71,11.50,-,0.46,28.07,57.61,83.53,1.38
ARAMIT,"Buy
Sell",Miscellaneous,174.70,173.50,175.00,173.50,174.70,173.20,1.50,0.87,6141,1.072,A,82.87,0,39.27,60.73,0.00,13.73,0.00,25.54,1048.20,60.00,01-Jan-2026,04-Mar-2026,0.57,10.00,-,-1.19,125.86,52.93,49.16,1.09
BERGERPBL,"Buy
Sell",Miscellaneous,1439.50,1455.30,1458.30,1437.00,1439.50,1441.00,-1.50,-0.10,10688,15.423,A,19.83,19.5,10.24,89.76,0.00,8.37,0.01,1.86,70688.07,491.06,02-Jul-2025,25-Aug-2025,3.65,525.00,-,55.43,380.46,56.26,3.83,0.22
BEXIMCO,"Buy
Sell",Miscellaneous,110.10,110.10,110.10,110.10,110.10,110.10,0.00,0.00,14,0.002,B,0,0,66.89,33.11,0.00,32.60,0.94,33.35,103850.31,9432.36,29-Oct-2024,30-Dec-2024,-,-,5.00,-3.78,82.57,7.59,0.00,0.57
BSC,"Buy
Sell",Miscellaneous,116.00,115.90,116.60,115.20,116.00,115.20,0.80,0.69,745875,86.482,A,5.73,6.45,47.90,0,52.10,21.34,0.00,26.56,17694.06,1525.35,13-Nov-2025,22-Dec-2025,2.16,25.00,-,8.93,111.27,57.29,157.18,1.77
GQBALLPEN,"Buy
Sell",Miscellaneous,523.90,539.00,540.10,520.20,523.90,533.20,-9.30,-1.74,34383,18.111,A,0,0,59.99,40.01,0.00,1.47,0.05,58.47,4677.43,89.28,29-Oct-2025,15-Dec-2025,0.19,10.00,-,-0.87,139.66,62.86,129.95,1.10
HAMI,"Buy
Sell",Miscellaneous,152.30,151.30,155.20,149.60,152.30,150.70,1.60,1.06,74811,11.431,Z,0,538.21,67.48,32.52,0.00,9.48,1.18,56.82,1172.71,77.00,02-Jun-2024,06-Dec-2023,0.07,1.00,-,0.21,9.10,84.79,187.64,1.10
INDEXAGRO,"Buy
Sell",Miscellaneous,69.10,69.00,70.20,68.80,69.10,69.10,0.00,0.00,38515,2.667,A,12.52,19.63,42.23,57.77,0.00,21.17,0.00,21.06,3428.49,496.16,19-Oct-2025,15-Dec-2025,1.74,12.00,5.00,1.76,82.52,55.23,29.55,1.27
KBPPWBIL,"Buy
Sell",Miscellaneous,54.50,50.80,54.80,50.80,54.50,50.70,3.80,7.50,5358808,284.474,A,187.78,70.42,69.87,30.13,0.00,12.83,0.16,56.88,5345.35,980.80,22-Oct-2025,24-Dec-2025,1.83,10.00,-,0.36,11.81,63.87,419.16,1.32
MIRACLEIND,"Buy
Sell",Miscellaneous,32.10,32.20,32.80,31.80,32.10,32.00,0.10,0.31,100618,3.243,Z,0,0,69.74,30.26,0.00,4.89,0.20,64.65,1130.50,352.18,29-Oct-2025,23-Dec-2025,-,-,-,-0.61,9.94,51.06,132.20,1.49
NFML,"Buy
Sell",Miscellaneous,16.00,16.30,16.40,15.80,16.00,16.10,-0.10,-0.62,1169790,18.799,Z,0,536.67,69.60,30.4,0.00,9.57,0.18,59.85,1493.78,933.61,10-Feb-2026,01-Mar-2026,0.06,0.10,-,0.03,11.09,62.09,331.36,1.40
SAVAREFR,"Buy
Sell",Miscellaneous,,,,,215.50,215.50,0.00,0.00,0,0,Z,0,0,49.32,50.68,0.00,7.18,0.00,42.14,300.15,13.93,29-Oct-2023,17-Feb-2024,-,-,-,-3.88,75.14,0.00,0.00,0.00
SINOBANGLA,"Buy
Sell",Miscellaneous,51.70,53.00,53.00,51.50,51.70,52.30,-0.60,-1.15,760442,39.48,A,41.18,45.09,69.39,30.61,0.00,4.36,0.08,64.95,1566.24,302.95,28-Oct-2025,26-Jan-2026,1.93,10.00,-,0.58,26.97,64.77,697.52,1.43
SKTRIMS,"Buy
Sell",Miscellaneous,8.30,8.50,8.70,8.10,8.30,8.50,-0.20,-2.35,339518,2.877,Z,15.74,0,68.77,31.23,0.00,25.92,0.00,42.85,703.01,847.00,24-Nov-2024,29-Dec-2024,2.11,1.75,-,-1.31,14.05,61.25,34.66,1.19
USMANIAGL,"Buy
Sell",Miscellaneous,38.00,39.90,39.90,36.00,38.40,36.30,2.10,5.79,97970,3.744,Z,0,0,47.00,2,51.00,14.61,0.00,32.39,668.58,174.11,29-Oct-2025,21-Dec-2025,-,-,-,-2.83,61.90,77.02,22.93,1.10
1JANATAMF,"Buy
Sell",Mutual Funds,2.80,2.80,2.90,2.70,2.80,2.80,0.00,0.00,920308,2.585,A,0,0,75.00,25,0.00,30.04,0.00,44.96,811.79,2899.23,15-Sep-2024,-,-,-,-,-0.54,7.00,56.85,110.68,1.22
1STPRIMFMF,"Buy
Sell",Mutual Funds,19.30,19.20,19.40,19.10,19.30,19.00,0.30,1.58,176959,3.406,A,0,0,98.00,2,0.00,14.85,0.01,83.14,386.00,200.00,01-Feb-2026,-,-,-,-,-0.53,8.60,46.10,528.82,1.05
ABB1STMF,"Buy
Sell",Mutual Funds,3.00,2.90,3.00,2.80,3.00,2.80,0.20,7.14,2478988,7.212,A,0,0,84.49,15.51,0.00,9.44,0.00,75.05,717.27,2390.90,25-Sep-2024,-,-,-,-,-0.24,7.83,60.10,271.40,1.21
AIBL1STIMF,"Buy
Sell",Mutual Funds,3.80,3.80,4.00,3.80,3.80,3.90,-0.10,-2.56,445660,1.708,A,78,44.32,90.00,10,0.00,40.05,0.00,49.95,380.00,1000.00,16-May-2023,-,-,0.60,-,0.07,10.07,57.45,132.80,0.80
ATCSLGF,"Buy
Sell",Mutual Funds,,,,,7.50,7.50,0.00,0.00,0,0,A,0,0,96.76,3.24,0.00,28.76,0.20,67.80,463.40,617.86,18-Sep-2024,-,-,-,-,0.00,8.31,0.00,0.00,0.00
CAPITECGBF,"Buy
Sell",Mutual Funds,7.00,7.00,7.10,6.90,7.00,7.00,0.00,0.00,628857,4.402,A,20.59,6.36,35.77,64.23,0.00,2.12,0.00,33.65,1089.76,1556.80,30-Jul-2025,-,-,3.30,-,0.55,9.84,50.34,145.72,1.31
CAPMBDBLMF,"Buy
Sell",Mutual Funds,10.10,10.20,10.20,9.90,10.10,10.10,0.00,0.00,692350,6.957,A,0,12.95,80.05,19.95,0.00,21.32,0.00,58.73,506.32,501.31,18-Aug-2025,-,-,-,-,0.39,8.05,47.72,391.44,1.02
CAPMIBBLMF,"Buy
Sell",Mutual Funds,8.40,8.30,8.50,8.30,8.40,8.30,0.10,1.20,140226,1.17,A,0,0,33.44,66.56,0.00,3.77,0.00,29.67,561.57,668.54,18-Aug-2025,-,-,-,-,-0.24,7.71,53.30,138.26,1.33
DBH1STMF,"Buy
Sell",Mutual Funds,4.70,4.80,4.90,4.70,4.70,4.70,0.00,0.00,1211046,5.773,A,16.21,0,83.33,16.67,0.00,38.93,0.00,44.40,564.00,1200.00,16-Aug-2023,-,-,3.00,-,-1.10,8.92,37.35,508.08,0.83
EBL1STMF,"Buy
Sell",Mutual Funds,3.70,3.60,3.80,3.60,3.70,3.70,0.00,0.00,77310,0.286,A,0,0,98.62,1.38,0.00,61.96,0.00,36.66,535.59,1447.54,15-Sep-2024,-,-,-,-,-0.54,7.34,61.23,53.19,1.02
EBLNRBMF,"Buy
Sell",Mutual Funds,2.70,2.70,2.80,2.70,2.70,2.60,0.10,3.85,933170,2.527,A,0,0,91.11,8.89,0.00,39.09,0.00,52.02,605.51,2242.61,25-Sep-2024,-,-,-,-,-0.49,7.14,59.38,145.51,1.20
EXIM1STMF,"Buy
Sell",Mutual Funds,3.00,3.10,3.10,2.90,3.00,3.00,0.00,0.00,887217,2.669,A,0,0,78.03,21.97,0.00,28.65,0.00,49.38,429.77,1432.56,15-Sep-2024,-,-,-,-,-0.37,7.79,45.13,326.91,1.33
FBFIF,"Buy
Sell",Mutual Funds,2.90,2.90,3.00,2.90,2.90,2.90,0.00,0.00,122606,0.356,A,0,0,46.03,53.97,0.00,29.16,0.00,16.87,2250.83,7761.47,15-Sep-2024,-,-,-,-,-0.65,7.67,62.27,17.72,1.09
GLDNJMF,"Buy
Sell",Mutual Funds,6.20,6.20,6.20,6.10,6.10,6.10,0.00,0.00,515663,3.146,A,0,17.43,39.00,61,0.00,10.52,0.00,28.48,610.00,1000.00,16-Feb-2026,-,-,-,-,0.35,9.39,47.17,148.20,1.17
GRAMEENS2,"Buy
Sell",Mutual Funds,12.50,12.70,12.70,12.50,12.50,12.60,-0.10,-0.79,201530,2.525,A,15.56,12.86,79.48,20.52,0.00,54.01,0.00,25.47,2279.97,1823.98,14-Aug-2025,-,-,7.50,-,0.49,15.48,59.61,33.51,1.02
GREENDELMF,"Buy
Sell",Mutual Funds,3.20,3.20,3.20,3.10,3.20,3.20,0.00,0.00,130724,0.418,A,22.86,0,91.67,8.33,0.00,43.56,0.00,48.11,480.00,1500.00,16-Aug-2023,-,-,1.50,-,-0.96,9.06,55.09,39.57,1.13
ICB3RDNRB,"Buy
Sell",Mutual Funds,4.40,4.60,4.60,4.40,4.40,4.40,0.00,0.00,22975,0.102,A,0,7.59,89.97,10.03,0.00,41.87,0.04,48.06,440.00,1000.00,07-Aug-2025,-,-,-,-,0.29,7.55,51.81,28.34,0.87
ICBAGRANI1,"Buy
Sell",Mutual Funds,6.50,6.50,6.60,6.50,6.50,6.60,-0.10,-1.52,42066,0.273,A,18.33,8.46,49.06,50.94,0.00,37.57,0.00,11.49,637.98,981.51,07-Aug-2025,-,-,-,-,0.39,9.39,51.10,28.92,0.64
ICBAMCL2ND,"Buy
Sell",Mutual Funds,6.20,6.10,6.20,5.80,6.10,6.10,0.00,0.00,131986,0.789,A,0,10.17,100.00,0,0.00,56.32,0.00,43.68,305.00,500.00,07-Aug-2025,-,-,-,-,0.30,8.38,58.68,132.36,0.88
ICBEPMF1S1,"Buy
Sell",Mutual Funds,4.90,4.90,4.90,4.70,4.80,5.00,-0.20,-4.00,255709,1.223,A,0,15.63,90.00,10,0.00,44.31,0.00,45.69,360.00,750.00,07-Aug-2025,-,-,-,-,0.16,7.54,65.17,260.77,0.94
ICBSONALI1,"Buy
Sell",Mutual Funds,4.60,4.40,4.60,4.40,4.50,4.40,0.10,2.27,192195,0.866,A,0,110,75.00,25,0.00,31.98,0.00,43.02,450.00,1000.00,07-Aug-2025,-,-,-,-,0.02,8.25,52.29,113.07,0.85
IFIC1STMF,"Buy
Sell",Mutual Funds,3.00,3.00,3.00,2.90,3.00,2.90,0.10,3.45,1149136,3.422,A,0,0,79.17,20.83,0.00,12.81,0.00,66.36,546.50,1821.68,15-Sep-2024,-,-,-,-,-0.25,7.94,59.75,153.94,1.14
IFILISLMF1,"Buy
Sell",Mutual Funds,4.00,4.20,4.20,4.00,4.00,4.10,-0.10,-2.44,281908,1.145,A,0,102.5,99.00,1,0.00,54.71,0.01,44.28,400.00,1000.00,07-Aug-2025,-,-,-,-,0.02,6.83,60.13,31.78,0.96
LRGLOBMF1,"Buy
Sell",Mutual Funds,3.00,3.10,3.10,3.00,3.00,3.00,0.00,0.00,25924,0.079,A,10.34,0,86.43,13.57,0.00,59.14,0.00,27.29,933.24,3110.80,15-Nov-2023,-,-,3.00,-,-1.33,8.72,48.85,18.64,1.20
MBL1STMF,"Buy
Sell",Mutual Funds,4.00,4.00,4.10,4.00,4.00,4.00,0.00,0.00,236673,0.951,A,9.52,28.04,90.00,10,0.00,48.54,0.00,41.46,400.00,1000.00,16-May-2023,-,-,4.25,-,0.11,10.12,53.67,101.70,0.84
NCCBLMF1,"Buy
Sell",Mutual Funds,4.20,4.30,4.30,4.20,4.20,4.20,0.00,0.00,26150,0.11,A,6.89,0,85.00,15,0.00,66.36,0.00,18.64,455.71,1085.03,15-Feb-2024,-,-,4.50,-,-0.46,9.86,52.00,17.21,1.10
PF1STMF,"Buy
Sell",Mutual Funds,5.00,5.10,5.10,5.00,5.00,5.00,0.00,0.00,507578,2.555,A,0,6.41,75.00,25,0.00,16.09,0.01,58.90,300.00,600.00,07-Aug-2025,-,-,-,-,0.39,7.59,43.22,280.76,0.92
PHPMF1,"Buy
Sell",Mutual Funds,2.80,2.80,2.90,2.70,2.80,2.70,0.10,3.70,1033498,2.893,A,0,0,88.28,11.72,0.00,41.68,0.00,46.60,789.30,2818.93,25-Sep-2024,-,-,-,-,-0.07,7.45,59.89,76.64,1.25
POPULAR1MF,"Buy
Sell",Mutual Funds,2.90,2.80,2.90,2.80,2.90,2.70,0.20,7.41,500364,1.423,A,0,0,90.00,10,0.00,22.89,0.00,67.11,867.36,2990.89,25-Sep-2024,-,-,-,-,-0.25,7.38,63.33,112.49,1.19
PRIME1ICBA,"Buy
Sell",Mutual Funds,4.50,4.40,4.50,4.40,4.40,4.40,0.00,0.00,10019,0.045,A,0,20,80.00,20,0.00,50.35,0.00,29.65,440.00,1000.00,07-Aug-2025,-,-,-,-,0.11,7.73,48.39,26.45,0.89
RELIANCE1,"Buy
Sell",Mutual Funds,13.30,13.60,13.70,13.30,13.30,13.60,-0.30,-2.21,1115139,14.971,A,0,113.33,80.00,20,0.00,38.73,0.00,41.27,804.65,605.00,17-Aug-2025,-,-,-,-,0.06,10.53,42.02,871.72,0.69
SEMLFBSLGF,"Buy
Sell",Mutual Funds,5.30,5.40,5.40,5.30,5.30,5.40,-0.10,-1.85,133454,0.71,A,0,19.29,85.61,14.39,0.00,19.41,0.00,66.20,386.61,729.45,17-Aug-2025,-,-,-,-,0.14,9.25,57.14,42.97,1.22
SEMLIBBLSF,"Buy
Sell",Mutual Funds,6.10,6.30,6.30,6.00,6.10,6.20,-0.10,-1.61,43512,0.265,A,44.29,0,50.00,50,0.00,24.88,0.00,25.12,610.00,1000.00,14-Aug-2025,-,-,-,-,-0.05,9.46,50.86,9.62,1.06
SEMLLECMF,"Buy
Sell",Mutual Funds,,,,,7.40,7.40,0.00,0.00,0,0,A,17.21,5.97,90.00,10,0.00,26.10,0.00,63.90,370.00,500.00,17-Aug-2025,-,-,-,-,0.31,10.05,0.00,0.00,0.00
TRUSTB1MF,"Buy
Sell",Mutual Funds,2.90,2.80,2.90,2.70,2.80,2.70,0.10,3.70,1009581,2.781,A,0,0,98.49,1.51,0.00,33.83,0.00,64.66,850.04,3035.87,15-Sep-2024,-,-,-,-,-0.69,7.47,58.47,65.40,1.19
VAMLBDMF1,"Buy
Sell",Mutual Funds,,,,,7.10,7.10,0.00,0.00,0,0,A,0,0,98.08,1.92,0.00,81.13,0.00,16.95,740.67,1043.20,01-Dec-2025,-,-,-,-,-0.10,9.55,0.00,0.00,0.00
VAMLRBBF,"Buy
Sell",Mutual Funds,6.10,6.10,6.10,6.00,6.10,6.00,0.10,1.67,1111,0.007,A,0,0,74.80,25.2,0.00,63.85,0.00,10.95,968.34,1587.45,18-Feb-2026,-,-,-,-,-0.37,8.38,61.52,18.27,1.00
BPML,"Buy
Sell",Paper & Printing,28.90,29.50,29.70,28.50,28.90,29.00,-0.10,-0.34,207178,6.042,Z,0,0,33.79,66.21,0.00,8.88,0.00,24.91,5022.57,1737.91,29-Oct-2025,23-Dec-2025,-,-,-,-14.34,43.52,62.30,16.16,1.74
HAKKANIPUL,"Buy
Sell",Paper & Printing,74.90,74.00,80.10,74.00,74.90,74.90,0.00,0.00,354881,26.668,B,1070,138.7,52.72,47.28,0.00,6.32,0.07,46.33,1423.10,190.00,28-Oct-2025,20-Dec-2025,0.67,5.00,-,0.27,24.25,59.52,651.45,1.30
KPPL,"Buy
Sell",Paper & Printing,16.90,18.20,18.20,16.50,16.90,16.60,0.30,1.81,1210362,20.78,Z,0,0,60.24,39.76,0.00,1.11,0.00,59.13,1234.38,730.40,30-Oct-2022,29-Dec-2022,-,-,-,-0.11,-1.98,61.91,161.10,1.39
MAGURAPLEX,"Buy
Sell",Paper & Printing,90.20,90.70,91.30,90.00,90.20,90.10,0.10,0.11,120665,10.92,A,25.03,28.33,54.19,45.81,0.00,5.99,0.00,48.20,2670.22,296.03,02-Nov-2025,29-Dec-2025,1.22,11.00,-,1.59,76.38,62.85,141.62,1.87
MONOSPOOL,"Buy
Sell",Paper & Printing,100.10,99.80,100.80,99.60,100.10,98.70,1.40,1.42,293853,29.441,A,26.25,25.57,58.78,41.22,0.00,2.51,0.00,56.27,3926.01,392.21,02-Nov-2025,29-Dec-2025,0.50,5.00,15.00,1.93,46.99,57.06,262.77,1.76
SONALIPAPR,"Buy
Sell",Paper & Printing,255.20,256.90,258.40,254.00,255.20,254.00,1.20,0.47,206263,52.757,A,35.43,21.53,32.49,67.51,0.00,5.80,0.00,26.69,8407.61,329.45,28-Oct-2025,18-Dec-2025,1.57,40.00,-,5.90,152.52,59.45,262.02,1.21
ACI,"Buy
Sell",Pharmaceuticals & Chemicals,227.90,221.00,229.20,221.00,227.90,220.20,7.70,3.50,718104,162.339,A,0,150.82,53.07,46.93,0.00,34.41,0.00,18.66,20016.88,878.32,29-Oct-2025,28-Dec-2025,1.10,25.00,-,0.73,90.70,67.75,83.25,1.09
ACIFORMULA,"Buy
Sell",Pharmaceuticals & Chemicals,150.40,150.20,152.50,147.40,150.40,149.20,1.20,0.80,189126,28.313,A,19.01,11.48,33.98,66.02,0.00,22.56,0.00,11.42,7106.40,472.50,29-Oct-2025,28-Dec-2025,1.66,25.00,-,6.50,79.50,66.10,37.92,1.27
ACMELAB,"Buy
Sell",Pharmaceuticals & Chemicals,81.10,79.80,81.40,79.80,81.10,79.80,1.30,1.63,838814,67.869,A,6.95,6.53,57.62,42.38,0.00,30.51,0.00,27.11,17160.90,2116.02,28-Oct-2025,22-Dec-2025,4.32,35.00,-,6.11,128.97,66.10,79.49,1.22
ACMEPL,"Buy
Sell",Pharmaceuticals & Chemicals,16.60,17.30,17.30,16.40,16.60,16.50,0.10,0.61,1700238,28.169,B,0,0,68.20,31.8,0.00,15.00,0.00,53.20,2241.00,1350.00,02-Nov-2025,29-Dec-2025,0.01,0.01,-,-0.26,16.15,53.52,417.57,1.63
ACTIVEFINE,"Buy
Sell",Pharmaceuticals & Chemicals,7.10,6.90,7.20,6.70,7.10,6.80,0.30,4.41,693718,4.879,Z,61.82,42.5,87.96,12.04,0.00,21.05,0.27,66.64,1703.55,2399.37,30-Oct-2022,29-Dec-2022,0.35,0.25,-,0.12,22.17,71.57,40.36,1.44
ADVENT,"Buy
Sell",Pharmaceuticals & Chemicals,14.20,14.10,14.20,14.00,14.20,14.10,0.10,0.71,126138,1.784,Z,19.58,29.38,69.98,30.02,0.00,12.44,1.01,56.53,1322.48,931.33,27-Oct-2025,31-Dec-2025,0.35,0.50,-,0.24,16.64,57.41,60.08,1.49
AFCAGRO,"Buy
Sell",Pharmaceuticals & Chemicals,7.40,7.50,7.50,7.30,7.40,7.30,0.10,1.37,55924,0.414,Z,33.18,32.21,72.16,27.84,0.00,34.11,0.00,38.05,852.60,1152.16,30-Oct-2022,29-Dec-2022,0.68,0.50,-,0.17,18.33,75.43,25.12,1.70
AMBEEPHA,"Buy
Sell",Pharmaceuticals & Chemicals,787.70,780.00,790.00,771.00,787.70,777.90,9.80,1.26,885,0.696,A,351.99,209.11,22.75,77.25,0.00,5.85,0.00,16.90,1890.48,24.00,02-Nov-2025,18-Dec-2025,0.13,10.00,-,1.86,14.33,64.77,17.89,0.82
ASIATICLAB,"Buy
Sell",Pharmaceuticals & Chemicals,59.10,62.80,62.80,57.70,59.10,61.30,-2.20,-3.59,2052964,122.698,A,49.44,11.88,59.29,40.71,0.00,18.22,0.00,41.07,7233.45,1223.93,02-Nov-2025,24-Dec-2025,1.69,10.00,-,2.58,56.07,47.89,561.71,1.02
BEACONPHAR,"Buy
Sell",Pharmaceuticals & Chemicals,109.70,109.20,110.50,107.80,109.70,108.30,1.40,1.29,388920,42.436,A,26.41,11.45,60.14,39.86,0.00,38.50,0.00,21.64,25340.70,2310.00,23-Oct-2025,23-Dec-2025,1.91,21.00,-,4.73,32.32,58.02,40.26,1.54
BXPHARMA,"Buy
Sell",Pharmaceuticals & Chemicals,131.60,127.50,132.50,127.00,131.60,126.70,4.90,3.87,1602071,209.554,A,9.69,8.05,69.87,30.13,0.00,25.35,27.10,17.42,58708.35,4461.12,29-Oct-2024,29-Dec-2024,3.04,40.00,-,7.87,111.35,76.04,37.63,1.25
CENTRALPHL,"Buy
Sell",Pharmaceuticals & Chemicals,9.00,9.10,9.20,8.90,9.00,9.00,0.00,0.00,546672,4.935,Z,0,0,92.33,7.67,0.00,6.94,0.00,85.39,1078.21,1198.01,05-Nov-2025,30-Dec-2025,-,-,-,-0.14,6.74,56.61,77.29,1.43
FARCHEM,"Buy
Sell",Pharmaceuticals & Chemicals,14.20,14.10,14.30,14.00,14.20,14.00,0.20,1.43,93627,1.325,B,155.56,0,67.37,32.63,0.00,31.26,0.00,36.11,2173.98,1530.97,29-Oct-2025,24-Dec-2025,-,-,-,-1.80,30.72,50.06,17.03,1.48
GHCL,"Buy
Sell",Pharmaceuticals & Chemicals,19.80,19.90,20.20,19.50,19.80,19.50,0.30,1.54,61108,1.22,Z,0,0,31.40,68.6,0.00,10.63,0.00,20.77,1425.60,720.00,07-Dec-2025,30-Dec-2024,-,-,-,-1.42,70.47,55.66,12.83,1.11
IBNSINA,"Buy
Sell",Pharmaceuticals & Chemicals,329.90,330.00,332.50,328.60,329.90,329.90,0.00,0.00,150461,49.625,A,16.28,10.8,55.32,44.68,0.00,24.95,0.00,30.37,10307.27,312.44,05-Oct-2025,23-Nov-2025,1.94,64.00,-,15.27,134.41,45.32,127.86,0.77
IBP,"Buy
Sell",Pharmaceuticals & Chemicals,14.10,14.10,14.30,14.00,14.10,14.00,0.10,0.71,2058417,29.115,B,0,350,75.57,24.43,0.00,17.03,0.00,58.54,1638.49,1162.05,16-Nov-2025,30-Dec-2025,0.11,0.15,-,0.02,12.55,70.58,352.55,1.58
JHRML,"Buy
Sell",Pharmaceuticals & Chemicals,45.40,45.90,45.90,45.00,45.40,45.50,-0.10,-0.22,171166,7.769,B,24.46,46.43,67.70,32.3,0.00,43.15,0.00,24.55,5688.35,1252.94,27-Oct-2025,22-Jan-2026,1.10,5.00,-,0.49,35.63,55.70,30.27,1.69
JMISMDL,"Buy
Sell",Pharmaceuticals & Chemicals,128.00,127.10,129.10,127.10,127.60,127.80,-0.20,-0.16,15833,2.034,A,85.77,0,20.35,79.65,0.00,5.38,0.00,14.97,3835.15,300.56,28-Oct-2025,23-Dec-2025,0.78,10.00,-,-0.51,85.72,64.65,14.66,1.30
KEYACOSMET,"Buy
Sell",Pharmaceuticals & Chemicals,5.50,5.50,5.70,5.50,5.50,5.50,0.00,0.00,945935,5.263,Z,26.19,22.92,53.95,46.05,0.00,8.56,0.00,45.39,6062.75,11023.17,13-Dec-2020,19-Jan-2021,1.82,1.00,-,0.24,0.25,66.36,43.34,1.42
KOHINOOR,"Buy
Sell",Pharmaceuticals & Chemicals,520.70,522.00,522.00,518.10,520.70,517.40,3.30,0.64,7600,3.954,A,30.35,31.94,49.43,50.57,0.00,14.16,0.04,35.23,21233.05,407.78,26-Oct-2025,07-Dec-2025,1.25,65.00,10.00,8.10,60.86,62.22,5.50,0.74
LIBRAINFU,"Buy
Sell",Pharmaceuticals & Chemicals,673.10,675.00,679.90,670.00,673.10,671.70,1.40,0.21,3629,2.448,Z,4478,125.94,65.58,34.42,0.00,4.24,0.00,61.34,1516.41,22.53,22-Oct-2023,21-Dec-2023,0.45,30.00,50.00,4.00,843.00,55.82,109.53,0.88
MARICO,"Buy
Sell",Pharmaceuticals & Chemicals,2877.10,2852.00,2897.00,2852.00,2877.10,2851.00,26.10,0.92,2309,6.635,A,15.21,13.53,10.00,90,0.00,6.25,1.91,1.84,90628.65,315.00,25-Jan-2026,26-Jun-2025,1.65,475.00,-,158.09,92.22,65.74,4.08,0.31
NAVANAPHAR,"Buy
Sell",Pharmaceuticals & Chemicals,62.70,61.20,62.90,61.20,62.70,60.90,1.80,2.96,599360,37.371,A,13.41,9.09,57.80,42.2,0.00,10.54,19.64,27.62,6735.00,1074.16,29-Oct-2025,31-Dec-2025,2.23,14.00,-,3.35,48.32,63.29,195.31,1.67
ORIONINFU,"Buy
Sell",Pharmaceuticals & Chemicals,382.00,372.60,385.80,372.00,382.00,370.00,12.00,3.24,826168,314.948,A,215.12,160.87,59.39,40.61,0.00,13.57,0.04,45.78,7777.43,203.60,10-Nov-2025,23-Dec-2025,0.52,20.00,-,1.15,15.90,59.37,421.18,1.38
ORIONPHARM,"Buy
Sell",Pharmaceuticals & Chemicals,31.60,31.00,31.70,30.90,31.60,30.70,0.90,2.93,372832,11.692,Z,0,0,68.02,31.98,0.00,20.81,0.11,47.10,7394.40,2340.00,12-Nov-2025,23-Dec-2025,-,-,-,-0.86,85.74,66.66,32.86,1.80
PHARMAID,"Buy
Sell",Pharmaceuticals & Chemicals,566.80,570.00,572.90,565.20,566.80,569.10,-2.30,-0.40,5687,3.238,A,27.83,20.2,76.42,23.58,0.00,19.19,0.00,57.23,1768.42,31.20,09-Nov-2025,24-Dec-2025,0.53,30.00,-,14.09,149.54,56.66,206.79,0.94
RECKITTBEN,"Buy
Sell",Pharmaceuticals & Chemicals,3563.50,3579.00,3580.00,3552.00,3561.60,3562.20,-0.60,-0.02,1239,4.423,A,22.38,23.36,13.27,82.96,3.77,6.66,0.01,6.60,16828.56,47.25,08-Apr-2025,28-May-2025,9.35,3330.00,-,114.38,132.02,63.86,4.40,0.25
RENATA,"Buy
Sell",Pharmaceuticals & Chemicals,454.00,460.30,460.30,451.00,454.00,458.10,-4.10,-0.90,36477,16.624,A,23.66,16.87,48.71,51.29,0.00,22.24,18.56,7.91,52072.21,1146.96,28-Oct-2025,20-Dec-2025,1.21,55.00,-,13.58,313.48,55.99,12.65,0.62
SALVO,"Buy
Sell",Pharmaceuticals & Chemicals,33.60,31.50,33.80,31.50,33.60,32.20,1.40,4.35,3283069,109,B,55.52,64.4,67.84,32.16,0.00,7.02,0.00,60.82,2184.77,650.23,19-Aug-2025,29-Sep-2025,0.74,2.50,-,0.25,16.53,72.87,386.33,1.34
SILCOPHL,"Buy
Sell",Pharmaceuticals & Chemicals,14.80,14.90,15.00,14.70,14.80,15.00,-0.20,-1.33,467664,6.936,B,36.59,27.78,64.73,35.27,0.00,16.33,0.00,48.40,1536.34,1038.07,18-Nov-2025,15-Dec-2025,0.74,1.10,-,0.27,23.29,58.89,134.91,1.27
SILVAPHL,"Buy
Sell",Pharmaceuticals & Chemicals,10.10,10.00,10.20,10.00,10.10,10.00,0.10,1.00,413403,4.167,B,0,0,54.79,45.21,0.00,16.05,0.01,38.73,1378.65,1365.00,29-Oct-2025,30-Dec-2025,-,-,-,-0.52,14.96,58.10,52.56,1.53
SQURPHARMA,"Buy
Sell",Pharmaceuticals & Chemicals,225.70,227.00,227.00,225.20,225.70,226.10,-0.40,-0.18,701328,158.347,A,8.36,6.83,56.03,43.97,0.00,14.16,14.70,27.17,200071.99,8864.51,23-Oct-2025,15-Dec-2025,5.32,120.00,-,16.56,162.41,60.10,27.02,0.51
TECHNODRUG,"Buy
Sell",Pharmaceuticals & Chemicals,31.80,31.50,31.90,31.30,31.80,31.20,0.60,1.92,764378,24.168,A,17.73,17.93,37.29,62.71,0.00,6.11,0.00,31.18,4197.54,1319.98,29-Oct-2025,24-Dec-2025,3.14,10.00,-,0.87,31.08,54.39,183.63,1.01
WATACHEM,"Buy
Sell",Pharmaceuticals & Chemicals,138.50,150.00,150.00,137.80,138.50,137.40,1.10,0.80,34412,4.777,A,185.68,85.88,63.59,36.41,0.00,37.23,0.00,26.36,2052.93,148.23,09-Nov-2025,24-Dec-2025,0.72,10.00,-,0.80,60.85,58.99,71.57,1.06
EHL,"Buy
Sell",Services & Real Estate,80.20,79.60,80.90,79.60,80.20,79.60,0.60,0.75,120014,9.624,A,9.63,8.45,49.64,50.36,0.00,26.76,0.01,22.87,7486.28,933.45,10-Sep-2025,30-Oct-2025,3.12,25.00,-,4.71,92.21,55.36,59.77,1.76
SAIFPOWER,"Buy
Sell",Services & Real Estate,6.50,6.60,6.70,6.40,6.50,6.50,0.00,0.00,729877,4.757,Z,9.29,9.29,59.94,40.06,0.00,17.58,0.00,42.36,2465.70,3793.39,27-Oct-2024,30-Dec-2024,1.54,1.00,-,0.70,17.01,66.00,47.60,1.84
SAMORITA,"Buy
Sell",Services & Real Estate,71.20,71.50,72.20,71.00,71.20,71.40,-0.20,-0.28,35473,2.53,B,115.16,43.01,55.40,44.6,0.00,12.75,0.01,42.64,1552.22,218.01,22-Oct-2025,09-Dec-2025,0.70,5.00,-,0.83,48.72,51.33,45.26,1.05
SAPORTL,"Buy
Sell",Services & Real Estate,47.70,47.00,48.00,47.00,47.70,46.90,0.80,1.71,3247599,154.938,A,16.46,24.43,37.32,62.68,0.00,11.36,0.02,25.94,11298.56,2368.67,09-Nov-2025,23-Dec-2025,3.77,18.00,-,0.96,34.47,64.57,208.24,1.38
LBS,"Buy
Sell",Stock Brokers,9.80,9.80,9.80,9.70,9.80,9.80,0.00,0.00,32000,0.313,P,0,0,17.42,82.58,0.00,11.76,0.00,5.66,2636.50,2690.30,17-May-2025,21-Jul-2025,-,-,-,0.43,21.16,38.41,2.50,0.40
APEXFOOT,"Buy
Sell",Tannery Industries,191.70,192.00,192.50,190.20,191.70,191.30,0.40,0.21,48226,9.24,A,22.19,23.97,68.68,31.32,0.00,27.27,0.00,41.41,3767.49,196.53,28-Sep-2025,26-Nov-2025,1.30,25.00,25.00,3.99,351.34,60.92,144.21,0.89
APEXTANRY,"Buy
Sell",Tannery Industries,71.00,72.00,72.00,70.00,71.00,70.10,0.90,1.28,18435,1.297,B,0,0,65.18,34.82,0.00,29.07,0.00,36.11,1082.04,152.40,15-Oct-2025,30-Dec-2025,-,-,-,-10.78,222.81,54.38,128.79,0.94
BATASHOE,"Buy
Sell",Tannery Industries,855.00,844.00,855.00,827.00,851.00,836.40,14.60,1.75,1481,1.251,A,38.69,67.31,30.00,70,0.00,19.53,1.07,9.40,11641.68,136.80,29-Oct-2025,26-Jun-2025,1.68,143.00,-,9.32,219.04,66.38,0.94,0.41
FORTUNE,"Buy
Sell",Tannery Industries,15.00,15.00,15.10,14.80,15.00,14.80,0.20,1.35,366205,5.463,Z,134.55,0,69.07,30.93,0.00,16.70,0.00,52.37,2559.93,1706.62,25-Nov-2025,30-Dec-2025,0.33,0.50,-,-0.24,14.42,56.01,65.57,1.64
LEGACYFOOT,"Buy
Sell",Tannery Industries,57.20,58.00,58.50,56.90,57.20,57.60,-0.40,-0.69,242344,13.907,B,1152,0,66.75,33.25,0.00,30.45,0.00,36.30,2464.17,430.80,29-Oct-2025,20-Dec-2025,0.09,0.50,-,-0.12,11.05,63.76,117.48,1.29
SAMATALETH,"Buy
Sell",Tannery Industries,94.10,98.80,98.80,92.00,94.10,96.60,-2.50,-2.59,130714,12.426,B,0,0,66.13,33.87,0.00,4.10,0.00,62.03,971.11,103.20,27-Nov-2025,31-Dec-2025,-,-,-,-0.02,14.35,58.62,229.86,1.12
BSCPLC,"Buy
Sell",Telecommunication,146.00,146.20,146.40,144.80,146.00,146.10,-0.10,-0.07,169222,24.638,A,14.71,9.32,23.06,0,76.94,16.76,0.04,6.26,27307.67,1870.39,23-Sep-2025,23-Nov-2025,2.74,40.00,-,7.84,94.83,65.66,30.57,1.28
GP,"Buy
Sell",Telecommunication,262.10,265.90,265.90,261.00,262.10,265.10,-3.00,-1.13,519082,136.364,A,9.86,11.86,10.00,90,0.00,6.68,0.67,2.65,353913.64,13503.00,03-Feb-2026,20-Apr-2026,8.20,215.00,-,21.90,41.49,45.87,3.59,0.70
ROBI,"Buy
Sell",Telecommunication,32.90,31.80,33.30,31.60,32.90,31.70,1.20,3.79,15654997,507.97,A,23.66,17.71,10.00,90,0.00,2.50,0.00,7.50,172327.99,52379.33,22-Feb-2026,22-Apr-2026,5.32,17.50,-,1.79,13.34,71.56,19.22,1.28
ACFL,"Buy
Sell",Textile,18.00,17.90,18.30,17.90,18.00,18.00,0.00,0.00,27354,0.492,A,85.71,100,50.42,49.58,0.00,11.44,0.10,38.88,1815.00,1008.33,27-Oct-2025,29-Dec-2025,5.56,10.00,-,0.09,33.21,54.34,7.60,1.33
AIL,"Buy
Sell",Textile,29.50,28.50,29.80,28.30,29.50,28.20,1.30,4.61,573163,16.779,Z,11.95,9.36,69.76,30.24,0.00,9.99,0.00,59.77,1435.97,486.77,29-Oct-2024,30-Dec-2024,3.39,10.00,10.00,2.26,23.95,51.41,139.28,1.16
AL-HAJTEX,"Buy
Sell",Textile,132.20,129.30,133.00,129.00,132.20,129.30,2.90,2.24,121425,15.885,B,12.84,12.84,69.34,30.65,0.01,14.07,0.00,55.27,2947.87,222.99,29-Dec-2025,07-Feb-2026,0.38,5.00,-,10.07,18.52,47.94,262.73,1.13
ALIF,"Buy
Sell",Textile,4.60,4.60,4.70,4.50,4.60,4.50,0.10,2.22,406672,1.86,Z,13.64,21.09,69.54,30.46,0.00,3.70,0.00,65.84,1195.66,2599.27,29-Oct-2024,29-Dec-2024,2.17,1.00,-,0.16,15.25,61.30,34.53,1.66
ALLTEX,"Buy
Sell",Textile,15.20,15.40,15.60,15.20,15.20,15.20,0.00,0.00,427432,6.58,Z,0,190,63.75,36.25,0.00,15.53,0.00,48.22,850.71,559.68,08-Dec-2025,15-Dec-2024,-,-,-,0.04,26.64,62.79,191.60,1.47
ANLIMAYARN,"Buy
Sell",Textile,19.00,20.10,20.50,18.80,19.00,19.60,-0.60,-3.06,164312,3.141,Z,0,0,55.57,44.43,0.00,5.55,0.00,50.02,339.49,178.68,19-Oct-2025,22-Dec-2025,-,-,-,-1.58,4.05,51.74,46.28,1.18
APEXSPINN,"Buy
Sell",Textile,212.00,214.50,214.90,209.10,212.00,214.10,-2.10,-0.98,161714,34.389,A,59.47,63.34,48.70,51.3,0.00,12.40,0.25,36.05,1780.80,84.00,09-Oct-2025,29-Nov-2025,0.94,20.00,-,1.69,83.71,54.22,686.68,0.98
ARGONDENIM,"Buy
Sell",Textile,17.60,17.60,17.80,17.50,17.60,17.50,0.10,0.57,188689,3.32,A,10.42,13.06,64.13,35.87,0.00,34.62,0.00,29.51,2444.44,1388.89,23-Oct-2025,18-Dec-2025,5.68,10.00,-,0.67,25.24,51.28,78.21,1.21
CNATEX,"Buy
Sell",Textile,2.90,2.90,3.00,2.80,2.90,2.90,0.00,0.00,1117364,3.242,Z,15.26,9.46,92.90,7.1,0.00,10.04,0.00,82.86,694.02,2393.16,20-Nov-2023,28-Dec-2023,1.72,0.50,-,0.23,-3.63,68.42,50.79,1.49
DACCADYE,"Buy
Sell",Textile,18.60,18.90,18.90,18.40,18.60,18.60,0.00,0.00,181516,3.369,Z,0,0,69.88,30.12,0.00,17.44,0.11,52.33,1621.05,871.53,08-Dec-2025,16-Jan-2026,-,-,-,-42.71,-16.99,53.65,139.87,1.51
DELTASPINN,"Buy
Sell",Textile,5.80,5.90,6.00,5.70,5.80,5.80,0.00,0.00,422158,2.457,Z,20,145,79.40,20.6,0.00,5.73,0.00,73.67,965.60,1664.82,31-Jan-2021,20-Dec-2016,1.72,1.00,-,0.02,12.14,60.15,91.53,1.60
DSHGARME,"Buy
Sell",Textile,113.00,113.60,113.80,111.50,112.00,112.90,-0.90,-0.80,30849,3.459,Z,154.66,245.43,45.01,54.99,0.00,6.07,0.00,38.94,928.29,82.88,29-Oct-2025,18-Dec-2025,0.27,3.00,-,0.23,157.12,50.66,150.31,1.34
DSSL,"Buy
Sell",Textile,8.80,8.80,8.90,8.80,8.80,8.70,0.10,1.15,876199,7.727,B,62.14,0,67.83,32.17,0.00,10.43,0.00,57.40,1854.98,2107.93,28-Oct-2025,30-Dec-2025,0.57,0.50,-,-0.08,18.11,58.94,98.96,1.80
DULAMIACOT,"Buy
Sell",Textile,137.80,137.50,138.70,133.50,137.80,134.70,3.10,2.30,69966,9.446,Z,538.8,232.24,66.99,33.01,0.00,6.61,0.00,60.38,1041.30,75.57,29-Sep-2025,03-Dec-2025,0.22,3.00,-,0.29,-39.54,58.07,84.65,0.89
ENVOYTEX,"Buy
Sell",Textile,52.30,52.00,52.50,51.90,52.30,51.60,0.70,1.36,242222,12.629,A,6.14,5.93,34.59,65.41,0.00,21.79,0.21,12.59,8772.53,1677.35,28-Sep-2025,06-Dec-2025,5.74,30.00,-,4.35,59.67,56.87,55.27,0.93
ESQUIRENIT,"Buy
Sell",Textile,20.70,20.30,21.00,20.30,20.70,20.40,0.30,1.47,224811,4.644,A,46.36,0,53.05,46.95,0.00,40.51,0.00,12.54,2792.34,1348.96,27-Oct-2025,25-Jan-2026,4.83,10.00,-,-2.13,62.97,57.59,16.89,1.29
ETL,"Buy
Sell",Textile,10.00,10.00,10.10,9.90,10.00,9.90,0.10,1.01,1625643,16.171,B,34.14,26.05,67.06,32.94,0.00,12.30,0.00,54.76,1837.44,1837.44,23-Oct-2025,18-Dec-2025,2.50,2.50,-,0.19,12.77,54.14,221.45,1.44
FAMILYTEX,"Buy
Sell",Textile,2.20,2.00,2.20,2.00,2.20,2.00,0.20,10.00,4813328,10.495,Z,0,0,95.98,4.02,0.00,18.41,0.00,77.57,779.15,3541.60,01-Nov-2020,24-Dec-2020,-,-,-,-0.13,11.41,78.45,80.49,1.31
FEKDIL,"Buy
Sell",Textile,14.70,14.50,14.80,14.50,14.70,14.60,0.10,0.68,902671,13.224,A,8.54,0,32.80,67.2,0.00,4.65,0.00,28.15,3215.54,2187.44,15-Oct-2025,14-Dec-2025,8.16,12.00,-,-0.91,19.26,57.88,139.53,1.38
GENNEXT,"Buy
Sell",Textile,2.80,2.90,3.00,2.80,2.80,2.80,0.00,0.00,1398373,3.983,Z,40,0,83.74,16.26,0.00,21.94,0.00,61.80,1385.93,4949.75,29-Oct-2023,23-Dec-2023,3.57,1.00,-,-0.04,11.75,58.27,45.02,1.65
HFL,"Buy
Sell",Textile,7.40,7.30,7.40,7.10,7.40,7.00,0.40,5.71,73179,0.536,Z,36.84,0,48.62,51.38,0.00,18.73,0.00,29.89,673.82,910.57,29-Oct-2024,26-Dec-2024,-,-,-,-2.86,30.81,62.87,24.31,1.46
HRTEX,"Buy
Sell",Textile,18.20,18.10,18.40,17.90,18.20,17.90,0.30,1.68,60696,1.1,Z,0,0,65.46,34.54,0.00,14.50,0.00,50.96,531.83,292.22,24-Dec-2024,19-Mar-2025,-,-,-,-18.46,2.98,56.40,50.66,1.44
HWAWELLTEX,"Buy
Sell",Textile,42.40,42.60,42.60,42.20,42.40,42.20,0.20,0.47,51056,2.161,A,11.59,11.05,49.17,50.83,0.00,7.72,0.05,41.40,2374.40,560.00,28-Oct-2025,11-Dec-2025,4.72,20.00,-,1.91,40.08,58.18,24.26,0.82
KTL,"Buy
Sell",Textile,9.50,9.60,9.70,9.50,9.50,9.50,0.00,0.00,192344,1.842,Z,0,118.75,69.68,30.32,0.00,18.06,0.14,51.48,1104.90,1163.05,28-Dec-2025,21-Nov-2024,0.11,0.10,-,0.08,15.10,50.66,60.12,1.48
MAKSONSPIN,"Buy
Sell",Textile,5.90,6.00,6.10,5.80,5.90,5.90,0.00,0.00,246422,1.447,Z,0,0,70.00,30,0.00,5.53,0.00,64.47,1405.57,2382.33,15-Dec-2025,17-Feb-2025,-,-,-,-9.42,2.84,61.45,23.60,1.97
MALEKSPIN,"Buy
Sell",Textile,29.20,29.40,29.50,29.20,29.20,29.10,0.10,0.34,1147782,33.571,A,3.93,4.11,52.66,47.34,0.00,13.91,0.00,38.75,5653.12,1936.00,27-Oct-2025,15-Dec-2025,3.42,10.00,-,3.54,63.64,49.59,238.61,1.57
MATINSPINN,"Buy
Sell",Textile,48.20,48.10,49.00,48.00,48.10,48.10,0.00,0.00,42996,2.076,A,10.23,11.4,67.28,32.72,0.00,46.13,0.00,21.15,4689.27,974.90,26-Oct-2025,09-Dec-2025,7.28,35.00,-,2.11,68.26,52.99,15.22,1.09
METROSPIN,"Buy
Sell",Textile,8.70,8.90,8.90,8.60,8.70,8.80,-0.10,-1.14,65318,0.569,Z,0,0,69.91,30.09,0.00,13.74,0.00,56.17,536.77,616.98,12-Nov-2025,29-Dec-2025,-,-,-,-1.98,3.96,56.27,29.27,1.82
MHSML,"Buy
Sell",Textile,19.90,20.00,20.00,19.30,19.90,19.60,0.30,1.53,1307041,25.657,B,27.22,20,60.39,39.61,0.00,24.63,0.03,35.73,2009.77,1009.93,28-Oct-2025,30-Dec-2025,1.51,3.00,-,0.49,20.60,79.60,273.50,1.44
MITHUNKNIT,"Buy
Sell",Textile,16.30,16.70,16.70,16.10,16.30,15.80,0.50,3.16,12863,0.209,Z,0,0,83.23,16.77,0.00,10.11,1.30,71.82,529.61,324.91,29-Sep-2025,12-Nov-2025,-,-,-,0.00,0.00,61.26,60.69,1.22
MLDYEING,"Buy
Sell",Textile,9.00,9.00,9.10,8.90,9.00,8.90,0.10,1.12,1812868,16.317,B,445,0,69.43,30.57,0.00,12.37,0.00,57.06,2091.91,2324.34,28-Oct-2025,21-Dec-2025,0.56,0.50,-,-0.46,12.78,61.61,125.08,1.51
MONNOFABR,"Buy
Sell",Textile,24.30,23.90,24.60,23.90,24.30,23.60,0.70,2.97,2868735,69.729,B,590,295,69.10,30.9,0.00,8.33,1.49,59.28,2794.50,1150.00,26-Oct-2025,14-Dec-2025,0.10,0.25,-,0.04,25.41,62.49,836.66,1.67
NEWLINE,"Buy
Sell",Textile,5.20,5.20,5.30,5.10,5.20,5.10,0.10,1.96,167884,0.87,Z,3.13,2.39,69.39,30.61,0.00,18.33,0.00,51.06,408.37,785.33,31-Oct-2021,27-Jan-2022,23.56,12.25,-,1.60,24.80,64.88,84.15,1.01
NURANI,"Buy
Sell",Textile,2.70,2.70,2.80,2.70,2.70,2.70,0.00,0.00,81202,0.221,Z,0,0,69.07,30.93,0.00,17.28,0.00,51.79,331.09,1226.25,28-Oct-2020,24-Dec-2020,-,-,10.00,-0.95,9.26,62.48,53.10,1.21
PDL,"Buy
Sell",Textile,4.40,4.70,4.80,4.40,4.40,4.60,-0.20,-4.35,498112,2.256,Z,38.33,172.5,69.88,30.12,0.00,9.98,0.01,59.89,807.62,1835.50,29-Oct-2023,31-Dec-2023,2.27,1.00,-,0.02,13.53,52.16,36.12,1.59
PRIMETEX,"Buy
Sell",Textile,15.10,14.30,15.50,14.30,15.10,14.30,0.80,5.59,125687,1.902,Z,0,0,50.00,50,0.00,5.55,0.25,44.20,576.82,382.00,11-Sep-2024,24-Oct-2024,-,-,-,-8.05,64.83,62.23,40.15,1.37
PTL,"Buy
Sell",Textile,55.80,55.90,57.00,55.40,55.80,55.40,0.40,0.72,604516,33.934,A,8.55,11.64,39.05,60.95,0.00,14.06,4.34,20.65,9994.72,1791.17,29-Oct-2025,20-Dec-2025,2.15,12.00,-,1.19,45.10,76.57,27.05,0.98
QUEENSOUTH,"Buy
Sell",Textile,11.80,11.40,11.90,11.40,11.80,11.40,0.40,3.51,1401532,16.428,B,57,38,48.43,51.57,0.00,6.09,2.75,39.59,1800.70,1526.01,28-Oct-2025,22-Dec-2025,0.42,0.50,-,0.15,15.97,59.32,68.68,1.37
RAHIMTEXT,"Buy
Sell",Textile,215.10,218.00,219.20,213.60,215.10,215.40,-0.30,-0.14,52103,11.224,A,166.98,59.5,29.06,70.94,0.00,7.96,0.00,21.10,2034.78,94.60,27-Oct-2025,15-Dec-2025,0.46,10.00,-,1.81,27.35,38.45,218.48,0.97
REGENTTEX,"Buy
Sell",Textile,4.00,4.10,4.20,4.00,4.00,4.10,-0.10,-2.44,161231,0.648,Z,0,0,45.45,54.55,0.00,4.61,0.00,40.84,514.45,1286.12,22-Nov-2021,30-Dec-2021,-,-,-,-1.62,26.52,55.66,38.95,1.46
RINGSHINE,"Buy
Sell",Textile,3.30,3.50,3.50,3.30,3.30,3.40,-0.10,-2.94,1009576,3.436,Z,0,0,63.54,36.46,0.00,5.38,0.31,57.85,1651.03,5003.13,28-Oct-2024,18-Dec-2024,-,-,-,-2.42,-10.42,61.24,45.46,1.49
SAFKOSPINN,"Buy
Sell",Textile,14.30,14.60,14.60,13.80,14.30,14.30,0.00,0.00,40562,0.575,Z,0,0,70.00,30,0.00,2.99,0.00,67.01,428.74,299.82,29-Oct-2025,24-Dec-2025,-,-,-,-2.07,-5.32,64.54,51.92,1.37
SAIHAMCOT,"Buy
Sell",Textile,21.00,21.20,21.30,20.90,21.00,21.00,0.00,0.00,2481617,52.418,B,21.21,21.88,57.60,42.4,0.00,15.45,0.00,42.15,3124.28,1487.75,29-Oct-2025,29-Dec-2025,3.33,7.00,-,0.48,38.08,61.97,607.67,1.22
SAIHAMTEX,"Buy
Sell",Textile,22.30,22.40,22.60,22.20,22.30,22.20,0.10,0.45,1068059,23.899,B,37.63,39.64,65.80,34.2,0.00,18.17,0.00,47.63,2019.54,905.63,29-Oct-2025,29-Dec-2025,2.69,6.00,-,0.28,43.50,57.61,714.49,1.17
SHARPIND,"Buy
Sell",Textile,16.70,15.50,17.40,15.50,16.70,16.90,-0.20,-1.18,212040,3.592,B,153.64,0,63.37,36.63,0.00,23.48,0.01,39.88,5067.65,3034.52,27-Oct-2025,21-Dec-2025,-,-,-,-1.45,8.63,73.57,15.21,1.28
SHASHADNIM,"Buy
Sell",Textile,19.00,18.70,19.10,18.40,19.00,18.30,0.70,3.83,576915,10.755,B,11.66,15.51,55.60,44.4,0.00,23.97,0.01,31.62,2679.68,1410.36,29-Oct-2025,23-Dec-2025,2.63,5.00,-,0.59,41.93,70.60,81.13,1.19
SHEPHERD,"Buy
Sell",Textile,13.40,13.50,13.60,13.20,13.40,13.30,0.10,0.75,614659,8.218,B,332.5,0,48.52,51.48,0.00,22.15,4.77,21.60,2064.22,1540.46,29-Oct-2025,30-Dec-2025,0.75,1.00,-,-0.85,12.51,57.96,64.84,1.10
SIMTEX,"Buy
Sell",Textile,24.10,23.90,24.50,23.90,24.10,23.90,0.20,0.84,2257699,54.429,A,23.2,17.84,68.35,31.65,0.00,16.54,0.00,51.81,1918.25,795.95,28-Oct-2025,24-Dec-2025,4.15,10.00,-,0.67,22.10,56.09,1471.91,1.19
SONARGAON,"Buy
Sell",Textile,44.50,42.90,45.70,42.10,44.50,42.90,1.60,3.73,1747417,76.816,B,0,0,55.55,44.45,0.00,3.75,0.24,51.56,1177.78,264.67,27-Oct-2025,29-Dec-2025,-,-,-,-0.16,18.19,84.88,496.97,1.42
SQUARETEXT,"Buy
Sell",Textile,50.10,50.40,50.50,49.50,49.70,49.80,-0.10,-0.20,53144,2.653,A,6.88,13.53,38.17,61.83,0.00,24.13,2.75,11.29,9803.42,1972.52,22-Oct-2025,15-Dec-2025,6.44,32.00,-,1.84,54.50,49.81,11.74,0.98
STYLECRAFT,"Buy
Sell",Textile,52.80,52.00,53.00,51.40,52.80,51.50,1.30,2.52,22899,1.203,Z,0,1355.26,67.97,32.03,0.00,6.97,0.00,61.00,733.11,138.85,29-Oct-2025,11-Dec-2025,-,-,-,0.02,4.64,68.85,39.73,1.26
TALLUSPIN,"Buy
Sell",Textile,8.20,8.20,8.50,8.20,8.20,8.20,0.00,0.00,756824,6.242,Z,0,0,70.39,29.61,0.00,22.13,0.35,47.91,732.55,893.35,29-Sep-2025,12-Nov-2025,-,-,-,-1.06,12.28,61.78,159.84,1.54
TAMIJTEX,"Buy
Sell",Textile,124.80,125.10,126.90,123.60,124.80,125.50,-0.70,-0.56,74845,9.357,A,18.7,22.33,38.77,61.23,0.00,1.09,0.00,37.68,4127.29,330.71,30-Oct-2025,30-Dec-2025,0.96,12.00,10.00,2.81,105.72,59.77,43.16,1.59
TOSRIFA,"Buy
Sell",Textile,17.30,17.20,17.40,17.10,17.30,17.00,0.30,1.76,182536,3.14,B,22.67,50,56.98,43.02,0.00,20.09,0.00,36.89,1176.14,679.85,27-Oct-2025,28-Dec-2025,2.31,4.00,-,0.17,31.29,55.23,89.84,1.29
TUNGHAI,"Buy
Sell",Textile,2.60,2.60,2.60,2.50,2.60,2.50,0.10,4.00,643423,1.657,Z,0,0,69.96,30.04,0.00,7.58,0.00,62.38,277.30,1066.53,31-Oct-2022,12-Dec-2022,-,-,-,-0.17,-6.35,70.18,61.06,1.41
VFSTDL,"Buy
Sell",Textile,12.10,11.80,12.70,11.80,12.10,11.80,0.30,2.54,1786315,21.447,B,131.11,295,69.23,30.77,0.00,12.11,0.04,57.08,1277.52,1055.80,29-Oct-2025,30-Dec-2025,0.21,0.25,-,0.02,20.35,53.24,304.34,1.44
ZAHEENSPIN,"Buy
Sell",Textile,5.10,5.30,5.40,5.10,5.10,5.30,-0.20,-3.77,433355,2.236,Z,0,0,68.90,31.1,0.00,23.61,0.00,45.29,580.52,1138.28,28-Oct-2025,30-Dec-2025,-,-,-,-0.14,3.25,59.15,66.90,1.36
ZAHINTEX,"Buy
Sell",Textile,6.30,6.30,6.50,6.20,6.30,6.30,0.00,0.00,202914,1.286,Z,0,0,63.06,36.94,0.00,21.05,0.00,42.01,515.52,818.29,29-Oct-2023,24-Dec-2023,-,-,-,-2.61,7.40,62.23,32.82,1.05
BDSERVICE,"Buy
Sell",Travel & Leisure,,,,,5.20,5.20,0.00,0.00,0,0,Z,0,0,0.32,0,99.68,0.00,0.19,0.13,508.50,977.89,28-Oct-2025,22-Dec-2025,-,-,-,-3.95,215.79,0.00,0.00,0.00
BESTHLDNG,"Buy
Sell",Travel & Leisure,13.50,13.20,13.70,13.10,13.50,13.10,0.40,3.05,440262,5.894,Z,9.16,39.3,34.66,65.34,0.00,20.19,0.00,14.47,14299.61,10592.30,29-Oct-2024,30-Dec-2024,7.41,10.00,-,0.25,53.51,63.41,6.69,1.63
PENINSULA,"Buy
Sell",Travel & Leisure,22.20,22.60,22.60,22.10,22.20,22.10,0.10,0.45,521794,11.571,B,368.33,276.25,43.14,56.86,0.00,6.85,0.07,36.22,2634.40,1186.67,28-Oct-2025,30-Dec-2025,0.23,0.50,-,0.04,27.89,61.54,240.72,1.55
SEAPEARL,"Buy
Sell",Travel & Leisure,34.30,33.10,34.40,33.00,34.30,32.80,1.50,4.57,1169894,39.761,B,14.14,0,53.17,46.83,0.00,9.09,0.00,44.08,4141.73,1207.50,28-Oct-2025,02-Jun-2025,0.29,1.00,-,-1.14,14.11,59.63,139.81,1.13
UNIQUEHRL,"Buy
Sell",Travel & Leisure,39.60,39.20,39.80,39.20,39.60,39.20,0.40,1.02,142668,5.64,A,7.57,8.52,47.55,52.45,0.00,29.70,0.20,17.65,11658.24,2944.00,28-Oct-2025,24-Dec-2025,4.04,16.00,-,2.30,94.43,58.30,19.00,1.22
