Symbol,Sector,LTP,Open,High,Low,Close,YCP,Change,% Change,Volume(Qty),Value(Turnover),EPS
ABBANK,Bank,5.60,5.90,6.00,5.60,5.60,5.90,-0.30,-5.08,1329514,7.625,-34.61
ALARABANK,Bank,16.20,16.00,16.20,15.50,16.00,15.70,0.30,1.91,49913,0.787,0.34
BANKASIA,Bank,21.10,21.40,21.70,21.00,21.10,21.60,-0.50,-2.31,634174,13.392,2.58
BRACBANK,Bank,67.30,69.80,69.80,67.10,67.30,69.50,-2.20,-3.17,972351,65.877,6.09
CITYBANK,Bank,29.60,30.20,30.20,29.40,29.60,30.20,-0.60,-1.99,2275935,67.682,4.75
DHAKABANK,Bank,12.10,12.40,12.40,12.10,12.10,12.40,-0.30,-2.42,1558432,18.959,1.33
DUTCHBANGL,Bank,41.00,41.30,41.30,40.70,41.00,41.70,-0.70,-1.68,82249,3.379,2.65
EBL,Bank,26.10,26.50,26.50,26.00,26.10,26.60,-0.50,-1.88,715622,18.717,3.66
EXIMBANK,Bank,,,,,3.00,3.00,0.00,0.00,0,0,-2.17
FIRSTSBANK,Bank,,,,,1.90,1.90,0.00,0.00,0,0,-476.57
GIB,Bank,,,,,1.70,1.70,0.00,0.00,0,0,-22.63
ICBIBANK,Bank,3.00,3.00,3.10,3.00,3.00,3.00,0.00,0.00,234471,0.711,-0.69
IFIC,Bank,5.20,5.40,5.40,5.10,5.20,5.40,-0.20,-3.70,3711985,19.418,-9.40
ISLAMIBANK,Bank,38.60,40.00,40.00,38.40,38.60,39.90,-1.30,-3.26,303179,11.754,0.62
JAMUNABANK,Bank,22.20,22.50,22.60,22.20,22.20,22.70,-0.50,-2.20,1344497,30.011,4.44
MERCANBANK,Bank,8.50,8.60,8.60,8.40,8.40,8.60,-0.20,-2.33,609036,5.154,1.87
MIDLANDBNK,Bank,15.60,15.90,16.00,15.50,15.60,15.90,-0.30,-1.89,954353,14.969,0.60
MTB,Bank,12.50,12.70,12.70,12.40,12.50,12.70,-0.20,-1.57,449610,5.63,1.88
NBL,Bank,4.30,4.70,4.70,4.30,4.30,4.70,-0.40,-8.51,2866097,12.648,-4.50
NCCBANK,Bank,12.70,12.80,12.80,12.70,12.70,12.80,-0.10,-0.78,474539,6.038,1.56
NRBBANK,Bank,6.90,7.00,7.10,6.90,6.90,7.00,-0.10,-1.43,420134,2.92,-2.01
NRBCBANK,Bank,7.00,7.00,7.10,6.90,7.00,7.00,0.00,0.00,586067,4.101,0.10
ONEBANKPLC,Bank,7.30,7.40,7.40,7.10,7.30,7.50,-0.20,-2.67,489341,3.576,1.07
PREMIERBAN,Bank,5.00,5.00,5.00,4.90,5.00,5.00,0.00,0.00,700831,3.482,-5.49
PRIMEBANK,Bank,29.40,30.30,30.30,29.30,29.40,30.10,-0.70,-2.33,772898,22.835,5.42
PUBALIBANK,Bank,36.00,36.20,36.20,35.80,35.90,36.10,-0.20,-0.55,247229,8.891,7.00
RUPALIBANK,Bank,16.80,17.70,17.70,16.10,16.60,17.80,-1.20,-6.74,399758,6.805,-3.24
SBACBANK,Bank,6.60,6.70,6.70,6.50,6.50,6.70,-0.20,-2.99,136228,0.894,0.15
SHAHJABANK,Bank,17.60,17.80,17.80,17.40,17.60,17.60,0.00,0.00,208405,3.653,3.50
SIBL,Bank,,,,,3.00,3.00,0.00,0.00,0,0,-15.28
SOUTHEASTB,Bank,9.50,9.60,9.60,9.50,9.50,9.70,-0.20,-2.06,542965,5.185,1.46
STANDBANKL,Bank,5.20,5.40,5.50,5.20,5.20,5.40,-0.20,-3.70,557323,2.948,0.52
TRUSTBANK,Bank,17.30,17.70,17.70,17.20,17.30,17.60,-0.30,-1.70,596635,10.328,2.67
UCB,Bank,9.40,9.40,9.60,9.30,9.40,9.50,-0.10,-1.05,853110,8.07,0.32
UNIONBANK,Bank,,,,,1.50,1.50,0.00,0.00,0,0,-248.91
UTTARABANK,Bank,24.80,25.00,25.00,24.70,24.80,25.10,-0.30,-1.20,618764,15.382,3.46
ARAMITCEM,Cement,10.90,11.30,11.40,10.90,10.90,11.50,-0.60,-5.22,17820,0.197,-5.96
CONFIDCEM,Cement,59.20,60.60,60.60,59.00,59.20,60.70,-1.50,-2.47,260718,15.512,7.38
CROWNCEMNT,Cement,50.30,48.10,50.30,48.00,48.30,49.50,-1.20,-2.42,8830,0.427,0.79
HEIDELBCEM,Cement,227.90,237.80,237.80,227.20,227.90,237.80,-9.90,-4.16,11122,2.547,4.11
LHB,Cement,50.70,51.30,51.60,50.30,50.70,51.30,-0.60,-1.17,396158,20.103,4.40
MEGHNACEM,Cement,31.00,31.10,31.10,31.00,31.00,32.20,-1.20,-3.73,767,0.024,-31.16
PREMIERCEM,Cement,37.50,38.90,39.00,36.30,37.50,38.90,-1.40,-3.60,123787,4.758,0.19
FUWANGCER,Ceramics Sector,11.60,12.20,12.30,11.40,11.60,12.40,-0.80,-6.45,1510852,17.863,0.05
MONNOCERA,Ceramics Sector,78.80,81.30,81.30,78.50,78.80,81.60,-2.80,-3.43,151625,12.087,0.31
RAKCERAMIC,Ceramics Sector,21.80,22.50,22.50,21.60,21.80,22.50,-0.70,-3.11,124187,2.732,-0.93
SPCERAMICS,Ceramics Sector,19.60,20.70,20.70,19.30,19.60,20.70,-1.10,-5.31,2299088,46.254,-1.35
STANCERAM,Ceramics Sector,65.00,71.40,71.40,65.00,66.50,69.80,-3.30,-4.73,1549,0.103,-12.28
ABBLPBOND,Corporate Bond,1000.00,1000.00,1000.00,1000.00,1000.00,1000.00,0.00,0.00,20000,20,0.00
AIBLPBOND,Corporate Bond,,,,,3400.00,3400.00,0.00,0.00,0,0,0.00
APSCLBOND,Corporate Bond,1260.00,1260.00,1260.00,1260.00,1260.00,1317.70,-57.70,-4.38,1,0.001,0.00
BANKASI1PB,Corporate Bond,,,,,8650.00,8650.00,0.00,0.00,0,0,0.00
BEXGSUKUK,Corporate Bond,65.50,64.50,66.00,64.00,65.50,64.50,1.00,1.55,27814,1.814,0.00
CBLPBOND,Corporate Bond,,,,,1037500.00,1037500.00,0.00,0.00,0,0,0.00
DBLPBOND,Corporate Bond,,,,,6000.00,6000.00,0.00,0.00,0,0,0.00
IBBL2PBOND,Corporate Bond,,,,,4200.00,4200.00,0.00,0.00,0,0,0.00
IBBLPBOND,Corporate Bond,670.00,670.00,670.00,670.00,670.00,689.40,-19.40,-2.81,100,0.067,0.00
MBPLCPBOND,Corporate Bond,,,,,4850.00,4850.00,0.00,0.00,0,0,0.00
MTBPBOND,Corporate Bond,,,,,1000000.00,1000000.00,0.00,0.00,0,0,0.00
PBLPBOND,Corporate Bond,,,,,4484.00,4484.00,0.00,0.00,0,0,0.00
PREBPBOND,Corporate Bond,,,,,4700.00,4700.00,0.00,0.00,0,0,0.00
SEB1PBOND,Corporate Bond,,,,,4800.00,4800.00,0.00,0.00,0,0,0.00
SJIBLPBOND,Corporate Bond,,,,,4919.00,4919.00,0.00,0.00,0,0,0.00
UCB2PBOND,Corporate Bond,,,,,4700.00,4700.00,0.00,0.00,0,0,0.00
AFTABAUTO,Engineering,28.10,29.30,30.00,28.10,28.10,29.00,-0.90,-3.10,157119,4.474,-0.81
ANWARGALV,Engineering,89.50,93.30,93.30,89.10,89.50,93.30,-3.80,-4.07,327540,29.753,3.02
APOLOISPAT,Engineering,3.30,3.60,3.70,3.30,3.30,3.60,-0.30,-8.33,1676342,5.621,-0.82
ATLASBANG,Engineering,69.70,76.00,76.00,69.00,69.70,75.40,-5.70,-7.56,32195,2.3,-0.46
AZIZPIPES,Engineering,49.80,50.30,50.30,48.10,48.60,50.80,-2.20,-4.33,12677,0.621,-1.67
BBS,Engineering,11.00,11.60,11.60,10.90,11.00,11.60,-0.60,-5.17,1195823,13.449,-0.45
BBSCABLES,Engineering,18.70,19.10,19.20,18.60,18.70,19.10,-0.40,-2.09,1382014,26.125,-1.69
BDAUTOCA,Engineering,168.10,180.00,181.10,166.80,168.10,181.10,-13.00,-7.18,241599,42.005,0.05
BDLAMPS,Engineering,136.30,138.90,140.90,136.30,136.60,140.20,-3.60,-2.57,16783,2.311,-1.09
BDTHAI,Engineering,11.70,12.60,12.60,11.40,11.70,12.60,-0.90,-7.14,2361359,28.618,-1.49
BENGALWTL,Engineering,18.10,18.50,18.60,18.10,18.10,18.80,-0.70,-3.72,180866,3.299,0.31
BSRMLTD,Engineering,81.30,82.40,82.40,80.90,81.30,82.60,-1.30,-1.57,15628,1.267,6.79
BSRMSTEEL,Engineering,68.00,70.00,70.00,66.60,68.00,67.70,0.30,0.44,213347,14.48,5.14
COPPERTECH,Engineering,19.20,19.80,20.20,19.10,19.20,20.30,-1.10,-5.42,282782,5.498,0.15
DESHBANDHU,Engineering,16.10,17.20,17.20,16.00,16.10,17.20,-1.10,-6.40,986527,16.246,-1.79
DOMINAGE,Engineering,44.90,44.20,46.20,43.30,44.90,44.30,0.60,1.35,2657399,118.198,-0.09
ECABLES,Engineering,124.50,127.50,127.50,123.00,124.20,127.20,-3.00,-2.36,40737,5.065,-1.96
GOLDENSON,Engineering,11.50,12.10,12.10,11.40,11.50,12.10,-0.60,-4.96,2370495,27.601,-1.03
GPHISPAT,Engineering,15.80,16.30,16.50,15.70,15.80,16.30,-0.50,-3.07,824066,13.152,0.09
IFADAUTOS,Engineering,20.80,21.30,21.30,20.60,20.80,21.30,-0.50,-2.35,181115,3.77,0.17
KAY&QUE,Engineering,440.10,450.00,451.00,439.10,440.10,452.50,-12.40,-2.74,67791,30.119,5.83
KDSALTD,Engineering,42.70,41.50,43.00,41.00,42.70,41.40,1.30,3.14,1669709,70.681,1.00
MIRAKHTER,Engineering,27.30,28.20,28.20,27.30,27.30,28.30,-1.00,-3.53,189131,5.215,0.59
MONNOAGML,Engineering,334.50,345.10,345.10,333.30,334.50,347.10,-12.60,-3.63,9281,3.145,0.44
NAHEEACP,Engineering,20.30,21.20,21.20,20.10,20.30,21.50,-1.20,-5.58,485749,9.99,0.15
NAVANACNG,Engineering,20.30,20.80,20.80,20.20,20.30,20.60,-0.30,-1.46,49663,1.01,0.02
NPOLYMER,Engineering,26.50,27.00,27.00,26.40,26.50,27.00,-0.50,-1.85,87971,2.343,0.08
NTLTUBES,Engineering,59.70,60.10,60.90,59.50,59.70,61.30,-1.60,-2.61,169681,10.191,-1.23
OAL,Engineering,6.30,6.50,6.50,6.20,6.30,6.50,-0.20,-3.08,196720,1.235,-0.34
OIMEX,Engineering,12.90,13.70,13.70,12.90,13.00,13.80,-0.80,-5.80,327302,4.299,-0.14
QUASEMIND,Engineering,38.50,39.80,39.80,38.30,38.50,39.80,-1.30,-3.27,455712,17.729,0.62
RANFOUNDRY,Engineering,158.30,148.90,162.50,146.00,158.30,147.90,10.40,7.03,336135,52.904,2.18
RENWICKJA,Engineering,503.20,524.00,524.00,500.00,503.20,523.90,-20.70,-3.95,852,0.43,-5.42
RSRMSTEEL,Engineering,7.90,7.80,8.00,7.80,7.90,8.10,-0.20,-2.47,17035,0.134,-3.75
RUNNERAUTO,Engineering,37.20,40.30,40.30,37.00,37.20,40.10,-2.90,-7.23,1623732,62.412,0.26
SALAMCRST,Engineering,15.60,16.80,16.80,15.50,15.60,16.80,-1.20,-7.14,612657,9.748,0.28
SHURWID,Engineering,6.50,6.50,6.70,6.10,6.10,6.60,-0.50,-7.58,338497,2.165,1.89
SINGERBD,Engineering,85.20,87.00,87.30,85.20,85.60,87.70,-2.10,-2.39,19322,1.67,-22.56
SSSTEEL,Engineering,5.00,5.30,5.30,4.80,5.00,5.30,-0.30,-5.66,1184027,5.798,-0.03
WALTONHIL,Engineering,372.70,382.50,382.50,372.00,372.70,377.40,-4.70,-1.25,16465,6.154,10.90
WMSHIPYARD,Engineering,8.70,9.30,9.40,8.60,8.70,9.30,-0.60,-6.45,1472586,13.056,-0.02
YPL,Engineering,16.80,17.40,17.70,16.80,16.80,17.90,-1.10,-6.15,311302,5.376,-0.80
BAYLEASING,Financial Institutions,4.70,4.90,5.00,4.60,4.70,5.10,-0.40,-7.84,359251,1.727,-3.35
BDFINANCE,Financial Institutions,13.00,12.90,13.40,12.80,13.00,13.00,0.00,0.00,143707,1.865,0.57
BIFC,Financial Institutions,5.60,6.00,6.20,5.40,5.60,6.00,-0.40,-6.67,201602,1.149,-3.93
DBH,Financial Institutions,36.90,37.00,37.00,36.00,36.80,37.10,-0.30,-0.81,256215,9.41,3.67
FAREASTFIN,Financial Institutions,2.30,2.30,2.30,2.30,2.30,2.50,-0.20,-8.00,46919,0.108,-3.75
FASFIN,Financial Institutions,2.30,2.30,2.30,2.30,2.30,2.50,-0.20,-8.00,512472,1.179,-14.97
FIRSTFIN,Financial Institutions,4.60,4.80,4.90,4.50,4.50,4.90,-0.40,-8.16,317673,1.453,-4.81
GSPFINANCE,Financial Institutions,4.90,5.30,5.40,4.80,4.80,5.30,-0.50,-9.43,474984,2.324,-5.22
ICB,Financial Institutions,36.90,37.00,37.50,36.30,36.90,37.20,-0.30,-0.81,82364,3.028,-3.59
IDLC,Financial Institutions,39.80,40.10,40.10,39.00,39.50,40.10,-0.60,-1.50,106541,4.214,5.58
ILFSL,Financial Institutions,2.50,2.50,2.50,2.50,2.50,2.70,-0.20,-7.41,115356,0.288,-6.71
IPDC,Financial Institutions,18.20,18.80,18.80,18.20,18.20,18.80,-0.60,-3.19,600816,11.038,0.64
ISLAMICFIN,Financial Institutions,10.40,10.90,10.90,10.30,10.40,10.90,-0.50,-4.59,397345,4.197,-1.94
LANKABAFIN,Financial Institutions,14.00,14.50,14.50,14.00,14.00,14.50,-0.50,-3.45,614635,8.697,0.54
MIDASFIN,Financial Institutions,5.90,6.30,6.30,5.80,5.90,6.30,-0.40,-6.35,66647,0.402,-4.72
NHFIL,Financial Institutions,22.50,22.80,22.80,22.50,22.50,22.90,-0.40,-1.75,218367,4.944,1.02
PHOENIXFIN,Financial Institutions,3.80,4.20,4.20,3.70,3.80,4.10,-0.30,-7.32,671533,2.582,-19.54
PLFSL,Financial Institutions,2.30,2.30,2.30,2.30,2.30,2.50,-0.20,-8.00,70323,0.162,-9.77
PREMIERLEA,Financial Institutions,2.50,2.50,2.50,2.50,2.50,2.70,-0.20,-7.41,8294,0.021,-4.67
PRIMEFIN,Financial Institutions,4.20,4.70,4.70,4.20,4.20,4.60,-0.40,-8.70,1390648,5.855,-5.53
UNIONCAP,Financial Institutions,5.00,5.40,5.50,5.00,5.00,5.50,-0.50,-9.09,828295,4.194,-1.76
UNITEDFIN,Financial Institutions,12.10,12.60,12.60,12.10,12.10,12.50,-0.40,-3.20,152744,1.865,0.23
UTTARAFIN,Financial Institutions,12.90,12.80,13.40,12.80,12.90,13.10,-0.20,-1.53,47100,0.608,1.68
AMCL(PRAN),Food & Allied,212.70,209.70,223.70,208.10,212.70,212.10,0.60,0.28,26236,5.655,3.41
APEXFOODS,Food & Allied,225.50,226.00,233.00,222.50,225.50,223.80,1.70,0.76,19050,4.334,3.51
BANGAS,Food & Allied,116.50,121.50,121.50,116.00,116.50,121.50,-5.00,-4.12,122445,14.449,0.12
BATBC,Food & Allied,214.30,220.00,220.00,212.00,214.30,219.90,-5.60,-2.55,179360,38.564,10.81
BDTHAIFOOD,Food & Allied,16.90,18.10,18.10,16.70,16.90,18.10,-1.20,-6.63,2868295,49.902,-0.55
BEACHHATCH,Food & Allied,30.40,31.70,31.80,30.20,30.40,31.60,-1.20,-3.80,281395,8.645,4.58
EMERALDOIL,Food & Allied,15.20,15.70,15.80,15.00,15.20,15.90,-0.70,-4.40,118706,1.82,1.67
FINEFOODS,Food & Allied,487.30,485.00,488.90,479.00,487.30,482.30,5.00,1.04,183890,89.327,5.16
FUWANGFOOD,Food & Allied,9.90,10.30,10.30,9.80,9.90,10.40,-0.50,-4.81,308278,3.064,-0.33
GEMINISEA,Food & Allied,111.40,115.00,115.50,111.30,111.80,116.10,-4.30,-3.70,16487,1.849,-5.30
GHAIL,Food & Allied,11.60,12.20,12.20,11.50,11.60,12.20,-0.60,-4.92,1353454,15.993,-0.18
LOVELLO,Food & Allied,64.70,67.60,67.70,64.30,64.70,67.70,-3.00,-4.43,820878,54.163,2.13
MEGCONMILK,Food & Allied,31.60,34.30,34.90,31.10,31.60,34.50,-2.90,-8.41,162874,5.287,-2.09
MEGHNAPET,Food & Allied,25.90,27.10,28.20,25.90,26.30,28.00,-1.70,-6.07,32489,0.876,-0.21
NTC,Food & Allied,157.00,160.20,162.80,155.60,157.00,161.50,-4.50,-2.79,3831,0.607,-107.49
OLYMPIC,Food & Allied,142.90,147.00,147.20,142.00,142.90,147.50,-4.60,-3.12,112704,16.248,5.99
RAHIMAFOOD,Food & Allied,111.30,115.60,117.00,111.20,111.30,117.00,-5.70,-4.87,81425,9.155,-0.14
RDFOOD,Food & Allied,19.70,20.20,20.40,19.60,19.70,20.20,-0.50,-2.48,349946,6.926,0.38
SHYAMPSUG,Food & Allied,150.20,155.00,155.00,148.80,150.20,156.20,-6.00,-3.84,6544,0.992,-25.06
UNILEVERCL,Food & Allied,2163.60,2170.00,2183.00,2161.00,2163.60,2178.20,-14.60,-0.67,1629,3.534,41.21
ZEALBANGLA,Food & Allied,128.80,136.00,136.00,125.30,128.80,130.30,-1.50,-1.15,9176,1.2,-48.94
AOL,Fuel & Power,15.90,16.00,16.10,15.80,15.90,16.20,-0.30,-1.85,151236,2.413,1.59
BARKAPOWER,Fuel & Power,7.60,7.90,7.90,7.50,7.60,7.90,-0.30,-3.80,402040,3.063,0.11
BDWELDING,Fuel & Power,16.40,17.00,17.50,16.10,16.30,17.10,-0.80,-4.68,115839,1.932,0.08
BPPL,Fuel & Power,14.30,15.00,15.10,14.30,14.30,15.00,-0.70,-4.67,1266504,18.456,1.43
CVOPRL,Fuel & Power,148.30,153.70,153.70,148.00,148.30,153.70,-5.40,-3.51,150974,22.717,3.96
DESCO,Fuel & Power,23.20,22.40,23.60,22.40,23.00,23.30,-0.30,-1.29,90551,2.083,2.28
DOREENPWR,Fuel & Power,27.10,26.60,27.60,26.30,27.10,26.60,0.50,1.88,705474,18.947,3.05
EASTRNLUB,Fuel & Power,1570.00,1602.00,1602.00,1565.60,1570.00,1605.80,-35.80,-2.23,10218,16.174,19.53
EPGL,Fuel & Power,16.00,16.60,16.60,15.80,16.00,16.80,-0.80,-4.76,277745,4.514,-6.73
GBBPOWER,Fuel & Power,8.40,8.50,8.60,8.10,8.40,8.70,-0.30,-3.45,389404,3.275,0.07
INTRACO,Fuel & Power,17.60,18.20,18.40,17.50,17.60,18.30,-0.70,-3.83,151956,2.7,0.34
JAMUNAOIL,Fuel & Power,171.00,172.20,172.20,170.00,170.70,172.30,-1.60,-0.93,22394,3.827,19.63
KPCL,Fuel & Power,10.40,10.80,10.80,10.40,10.40,10.50,-0.10,-0.95,169733,1.788,0.51
LINDEBD,Fuel & Power,763.00,770.00,772.00,762.00,763.60,769.00,-5.40,-0.70,4595,3.511,18.80
LRBDL,Fuel & Power,9.60,10.10,10.10,9.60,9.60,10.10,-0.50,-4.95,322778,3.159,-1.64
MJLBD,Fuel & Power,88.10,89.60,89.60,87.90,88.10,89.00,-0.90,-1.01,115793,10.237,3.86
MPETROLEUM,Fuel & Power,199.70,201.00,201.00,199.50,199.70,200.60,-0.90,-0.45,24941,4.985,28.59
PADMAOIL,Fuel & Power,176.50,175.80,177.70,175.50,176.70,176.50,0.20,0.11,43255,7.646,30.54
POWERGRID,Fuel & Power,29.50,29.90,30.00,28.80,29.20,30.00,-0.80,-2.67,35432,1.04,5.22
SPCL,Fuel & Power,46.90,47.80,47.80,46.80,46.90,47.90,-1.00,-2.09,458466,21.629,3.04
SUMITPOWER,Fuel & Power,13.60,13.90,13.90,13.50,13.60,13.90,-0.30,-2.16,497793,6.806,0.96
TITASGAS,Fuel & Power,16.40,16.80,16.80,16.30,16.30,16.50,-0.20,-1.21,209029,3.431,-3.95
UPGDCL,Fuel & Power,113.50,116.00,116.00,113.00,113.50,116.10,-2.60,-2.24,41525,4.747,10.00
AGRANINS,Insurance,21.40,21.10,21.40,20.30,21.00,21.50,-0.50,-2.33,40865,0.857,0.18
ASIAINS,Insurance,39.50,40.00,40.70,39.10,39.50,40.30,-0.80,-1.99,461353,18.394,1.45
ASIAPACINS,Insurance,36.70,38.00,38.00,36.30,36.70,37.20,-0.50,-1.34,119251,4.395,2.17
BGIC,Insurance,32.80,33.50,33.80,32.70,32.80,33.50,-0.70,-2.09,37191,1.227,1.73
BNICL,Insurance,67.80,62.50,68.00,62.20,66.60,63.70,2.90,4.55,1812283,117.885,3.51
CENTRALINS,Insurance,39.40,40.00,40.50,39.00,39.40,40.30,-0.90,-2.23,257971,10.218,1.45
CITYGENINS,Insurance,99.80,99.20,101.90,98.70,99.80,99.20,0.60,0.60,367663,36.604,3.40
CLICL,Insurance,61.80,63.40,63.40,61.00,61.80,63.40,-1.60,-2.52,620202,38.321,-0.11
CONTININS,Insurance,24.80,25.40,25.40,24.70,24.80,25.30,-0.50,-1.98,113068,2.814,1.23
CRYSTALINS,Insurance,77.20,79.50,79.50,76.60,77.20,79.90,-2.70,-3.38,173899,13.522,3.34
DELTALIFE,Insurance,72.00,73.80,73.80,71.50,72.00,73.60,-1.60,-2.17,115135,8.293,0.00
DGIC,Insurance,20.40,20.50,20.60,19.70,20.30,20.70,-0.40,-1.93,68915,1.401,0.59
DHAKAINS,Insurance,37.00,38.30,38.30,37.00,37.10,38.40,-1.30,-3.39,86790,3.249,1.68
EASTERNINS,Insurance,50.90,52.10,53.00,50.70,50.90,52.60,-1.70,-3.23,75385,3.89,2.77
EASTLAND,Insurance,20.10,20.60,20.60,20.00,20.10,20.60,-0.50,-2.43,115377,2.329,0.69
EIL,Insurance,27.20,28.10,28.10,27.00,27.20,28.10,-0.90,-3.20,239010,6.549,0.97
FAREASTLIF,Insurance,21.10,21.60,21.60,20.40,20.50,21.60,-1.10,-5.09,19610,0.406,0.00
FEDERALINS,Insurance,19.50,19.90,19.90,18.70,19.60,20.20,-0.60,-2.97,36580,0.709,0.85
GLOBALINS,Insurance,28.00,29.10,29.10,27.80,28.00,29.10,-1.10,-3.78,317439,8.973,0.99
GREENDELT,Insurance,51.80,52.10,52.20,51.80,51.80,53.00,-1.20,-2.26,33104,1.718,5.44
ICICL,Insurance,21.30,21.40,21.80,21.20,21.20,21.80,-0.60,-2.75,62968,1.343,0.50
ISLAMIINS,Insurance,37.20,38.10,38.10,35.50,37.20,38.10,-0.90,-2.36,4841,0.18,1.95
JANATAINS,Insurance,32.00,31.50,32.20,30.90,32.00,30.80,1.20,3.90,3056591,96.588,1.19
KARNAPHULI,Insurance,29.70,30.10,30.50,29.60,29.60,30.50,-0.90,-2.95,313891,9.46,1.72
MEGHNAINS,Insurance,27.20,28.40,28.70,26.90,27.20,28.80,-1.60,-5.56,887117,24.385,0.98
MEGHNALIFE,Insurance,52.60,53.60,53.60,52.40,52.60,53.60,-1.00,-1.87,77172,4.069,1.61
MERCINS,Insurance,23.90,24.70,24.80,23.60,23.80,24.70,-0.90,-3.64,27574,0.653,0.64
NATLIFEINS,Insurance,98.00,100.60,100.60,98.00,98.30,101.00,-2.70,-2.67,44899,4.437,3.91
NITOLINS,Insurance,27.30,28.10,28.30,27.30,27.40,28.10,-0.70,-2.49,67913,1.88,1.93
NORTHRNINS,Insurance,28.50,29.50,29.50,28.50,28.70,29.70,-1.00,-3.37,29413,0.85,1.43
PADMALIFE,Insurance,17.30,17.30,17.30,17.10,17.20,17.40,-0.20,-1.15,6985,0.12,0.00
PARAMOUNT,Insurance,49.90,51.20,52.00,49.50,49.90,52.30,-2.40,-4.59,200427,10.145,2.19
PEOPLESINS,Insurance,41.20,41.00,42.40,40.90,41.20,41.90,-0.70,-1.67,403311,16.723,2.30
PHENIXINS,Insurance,29.30,29.60,30.00,28.30,29.30,30.10,-0.80,-2.66,139733,4.108,1.61
PIONEERINS,Insurance,,,,,52.90,52.90,0.00,0.00,0,0,4.57
POPULARLIF,Insurance,46.80,48.90,48.90,46.50,46.70,49.30,-2.60,-5.27,169242,7.978,2.53
PRAGATIINS,Insurance,67.00,69.50,70.00,66.40,67.00,69.50,-2.50,-3.60,316738,21.541,3.16
PRAGATILIF,Insurance,188.60,200.00,200.00,187.10,188.60,201.30,-12.70,-6.31,124555,24.018,0.00
PRIMEINSUR,Insurance,31.70,31.40,32.10,31.40,31.70,31.70,0.00,0.00,101958,3.235,2.05
PRIMELIFE,Insurance,33.40,34.10,34.20,33.30,33.40,35.00,-1.60,-4.57,17916,0.603,0.00
PROGRESLIF,Insurance,40.20,42.00,42.00,40.00,40.20,42.00,-1.80,-4.29,24849,1.007,0.00
PROVATIINS,Insurance,30.80,31.30,31.30,30.60,30.80,31.40,-0.60,-1.91,82282,2.55,0.99
PURABIGEN,Insurance,20.00,20.90,20.90,20.00,20.20,20.90,-0.70,-3.35,100313,2.033,1.23
RELIANCINS,Insurance,65.10,70.00,71.70,65.00,65.30,67.20,-1.90,-2.83,13920,0.937,8.42
REPUBLIC,Insurance,31.60,32.20,32.20,30.90,31.10,32.40,-1.30,-4.01,127727,4,1.47
RUPALIINS,Insurance,22.10,22.90,22.90,21.80,22.00,22.60,-0.60,-2.65,88293,1.962,0.95
RUPALILIFE,Insurance,79.70,82.20,82.20,79.30,79.60,82.40,-2.80,-3.40,152404,12.206,0.00
SANDHANINS,Insurance,19.80,20.00,20.00,19.70,19.80,20.20,-0.40,-1.98,144225,2.855,1.15
SICL,Insurance,20.20,20.20,20.50,20.10,20.20,20.50,-0.30,-1.46,113271,2.298,0.63
SIPLC,Insurance,62.60,62.70,63.90,62.00,62.60,62.90,-0.30,-0.48,427691,26.797,5.17
SONALILIFE,Insurance,57.00,57.70,58.80,57.00,57.10,59.10,-2.00,-3.38,64619,3.717,1.73
SONARBAINS,Insurance,26.50,28.00,28.00,26.30,26.60,27.60,-1.00,-3.62,81091,2.18,1.31
STANDARINS,Insurance,37.40,39.50,39.50,37.10,37.40,38.50,-1.10,-2.86,120971,4.558,2.05
SUNLIFEINS,Insurance,60.20,61.30,62.00,59.50,60.20,61.80,-1.60,-2.59,1022963,61.812,0.00
TAKAFULINS,Insurance,31.20,31.30,31.80,31.00,31.20,32.30,-1.10,-3.41,50975,1.594,1.13
TILIL,Insurance,44.30,45.60,45.60,44.10,44.30,45.90,-1.60,-3.49,367741,16.443,0.20
UNIONINS,Insurance,32.40,33.50,33.50,32.10,32.50,33.70,-1.20,-3.56,133636,4.378,1.80
UNITEDINS,Insurance,40.10,41.00,41.20,40.00,40.10,41.10,-1.00,-2.43,30923,1.258,2.35
AAMRANET,IT Sector,16.40,16.70,16.80,16.30,16.40,16.90,-0.50,-2.96,118163,1.953,0.77
AAMRATECH,IT Sector,13.00,13.20,13.60,13.00,13.10,13.20,-0.10,-0.76,167246,2.227,-0.97
ADNTEL,IT Sector,57.70,59.70,59.70,57.50,57.70,59.70,-2.00,-3.35,164141,9.574,1.26
AGNISYSL,IT Sector,20.80,21.30,21.30,20.70,20.80,21.40,-0.60,-2.80,362449,7.593,0.57
BDCOM,IT Sector,27.30,28.30,28.30,27.20,27.30,28.20,-0.90,-3.19,896945,24.736,0.45
DAFODILCOM,IT Sector,90.00,85.10,91.80,83.00,90.00,85.10,4.90,5.76,383369,33.901,0.21
EGEN,IT Sector,21.20,22.10,22.10,21.10,21.20,22.10,-0.90,-4.07,1333499,28.719,0.37
GENEXIL,IT Sector,25.50,26.40,26.40,25.50,25.50,26.40,-0.90,-3.41,573963,14.792,1.46
INTECH,IT Sector,38.20,40.20,41.00,38.00,38.20,40.60,-2.40,-5.91,1701841,67.484,-0.18
ISNLTD,IT Sector,75.30,78.00,78.00,74.70,75.30,78.30,-3.00,-3.83,231098,17.651,0.01
ITC,IT Sector,37.80,38.70,38.70,37.70,37.80,38.60,-0.80,-2.07,350058,13.304,1.78
JUTESPINN,Jute,212.00,217.90,217.90,212.00,212.20,217.90,-5.70,-2.62,3452,0.737,-19.96
NORTHERN,Jute,114.30,117.40,117.60,110.00,110.70,119.40,-8.70,-7.29,5125,0.571,-6.24
SONALIANSH,Jute,152.30,157.10,157.10,152.00,152.30,157.60,-5.30,-3.36,32716,5.019,3.65
AMANFEED,Miscellaneous,22.80,23.10,23.10,22.40,22.80,23.10,-0.30,-1.30,160386,3.641,0.46
ARAMIT,Miscellaneous,166.00,169.10,173.10,165.00,166.00,170.60,-4.60,-2.70,6056,1.019,-1.19
BERGERPBL,Miscellaneous,1386.40,1395.00,1397.50,1383.50,1386.40,1391.40,-5.00,-0.36,2864,3.974,55.43
BEXIMCO,Miscellaneous,,,,,110.10,110.10,0.00,0.00,0,0,-3.78
BSC,Miscellaneous,106.40,108.60,108.60,106.30,106.40,108.60,-2.20,-2.03,154873,16.53,8.93
GQBALLPEN,Miscellaneous,566.20,562.00,573.00,551.30,566.20,558.50,7.70,1.38,74003,41.75,-0.87
HAMI,Miscellaneous,160.90,163.50,164.90,160.30,160.90,165.40,-4.50,-2.72,94520,15.274,0.21
INDEXAGRO,Miscellaneous,63.50,64.40,64.40,62.00,63.50,64.00,-0.50,-0.78,32532,2.057,1.76
KBPPWBIL,Miscellaneous,48.20,50.00,50.20,47.80,48.20,50.30,-2.10,-4.17,2030416,99.067,0.36
MIRACLEIND,Miscellaneous,26.40,27.80,27.80,26.40,26.60,28.00,-1.40,-5.00,228875,6.163,-0.61
NFML,Miscellaneous,14.70,15.70,15.70,14.60,14.70,15.90,-1.20,-7.55,1357932,20.322,0.03
SAVAREFR,Miscellaneous,,,,,215.50,215.50,0.00,0.00,0,0,-3.88
SINOBANGLA,Miscellaneous,47.10,48.60,49.50,46.00,46.70,49.60,-2.90,-5.85,718000,34.257,0.58
SKTRIMS,Miscellaneous,8.70,9.10,9.10,8.70,8.70,9.00,-0.30,-3.33,34805,0.304,-1.31
USMANIAGL,Miscellaneous,34.00,36.50,36.50,33.70,34.00,35.90,-1.90,-5.29,13491,0.469,-2.83
1JANATAMF,Mutual Funds,3.00,3.20,3.20,2.90,3.00,3.20,-0.20,-6.25,1960795,5.902,-0.54
1STPRIMFMF,Mutual Funds,17.40,18.10,18.10,17.40,17.40,18.10,-0.70,-3.87,231982,4.075,-0.53
ABB1STMF,Mutual Funds,3.20,3.50,3.50,3.20,3.20,3.50,-0.30,-8.57,10313267,34.162,-0.24
AIBL1STIMF,Mutual Funds,4.00,4.00,4.10,3.90,4.00,4.00,0.00,0.00,709600,2.842,0.07
CAPITECGBF,Mutual Funds,6.50,6.70,6.70,6.50,6.50,6.70,-0.20,-2.99,509199,3.335,0.55
CAPMBDBLMF,Mutual Funds,11.80,11.60,12.00,11.50,11.80,11.60,0.20,1.72,2126529,24.959,0.39
CAPMIBBLMF,Mutual Funds,8.40,8.40,8.40,8.10,8.40,8.40,0.00,0.00,565433,4.691,-0.24
DBH1STMF,Mutual Funds,4.60,4.80,4.80,4.50,4.60,4.80,-0.20,-4.17,1124514,5.195,-1.10
EBL1STMF,Mutual Funds,3.80,3.90,4.00,3.70,3.80,4.00,-0.20,-5.00,261994,0.981,-0.54
EBLNRBMF,Mutual Funds,2.90,3.10,3.10,2.90,2.90,3.20,-0.30,-9.38,2937046,8.785,-0.49
EXIM1STMF,Mutual Funds,3.30,3.50,3.50,3.30,3.30,3.60,-0.30,-8.33,1264938,4.215,-0.37
FBFIF,Mutual Funds,3.00,3.20,3.30,3.00,3.00,3.20,-0.20,-6.25,982629,3.009,-0.65
GLDNJMF,Mutual Funds,5.90,6.00,6.00,5.80,5.90,6.00,-0.10,-1.67,553410,3.271,0.35
GRAMEENS2,Mutual Funds,12.20,12.30,12.30,12.10,12.10,12.40,-0.30,-2.42,99458,1.209,0.49
GREENDELMF,Mutual Funds,3.40,3.50,3.50,3.30,3.30,3.60,-0.30,-8.33,600931,2.017,-0.96
ICB3RDNRB,Mutual Funds,4.30,4.40,4.40,4.20,4.30,4.50,-0.20,-4.44,276189,1.197,0.29
ICBAGRANI1,Mutual Funds,6.50,6.50,6.60,6.50,6.50,6.70,-0.20,-2.99,10451,0.068,0.39
ICBAMCL2ND,Mutual Funds,5.70,5.50,5.90,5.50,5.70,5.90,-0.20,-3.39,34568,0.197,0.30
ICBEPMF1S1,Mutual Funds,5.10,5.30,5.30,5.10,5.30,5.30,0.00,0.00,954859,4.977,0.16
ICBSONALI1,Mutual Funds,4.50,4.70,4.70,4.50,4.50,4.70,-0.20,-4.26,295391,1.35,0.02
IFIC1STMF,Mutual Funds,4.00,4.30,4.40,4.00,4.00,4.40,-0.40,-9.09,6245230,25.446,-0.25
IFILISLMF1,Mutual Funds,4.00,4.10,4.10,3.90,4.00,4.20,-0.20,-4.76,190093,0.762,0.02
LRGLOBMF1,Mutual Funds,3.20,3.20,3.30,3.10,3.20,3.30,-0.10,-3.03,479882,1.532,-1.33
MBL1STMF,Mutual Funds,3.90,3.90,4.00,3.80,3.80,4.00,-0.20,-5.00,297309,1.154,0.11
NCCBLMF1,Mutual Funds,4.30,4.50,4.50,4.20,4.20,4.60,-0.40,-8.70,241823,1.038,-0.46
PF1STMF,Mutual Funds,5.10,5.40,5.40,5.10,5.10,5.40,-0.30,-5.56,557312,2.881,0.39
PHPMF1,Mutual Funds,3.20,3.40,3.50,3.20,3.20,3.50,-0.30,-8.57,2591058,8.637,-0.07
POPULAR1MF,Mutual Funds,3.00,3.20,3.30,3.00,3.00,3.30,-0.30,-9.09,3149589,9.688,-0.25
PRIME1ICBA,Mutual Funds,4.40,4.30,4.50,4.30,4.40,4.60,-0.20,-4.35,157520,0.692,0.11
RELIANCE1,Mutual Funds,11.70,12.20,12.20,11.50,11.70,12.20,-0.50,-4.10,661868,7.866,0.06
SEMLFBSLGF,Mutual Funds,5.30,5.20,5.30,5.10,5.20,5.30,-0.10,-1.89,77261,0.402,0.14
SEMLIBBLSF,Mutual Funds,6.10,6.10,6.10,6.00,6.00,6.30,-0.30,-4.76,21106,0.127,-0.05
SEMLLECMF,Mutual Funds,,,,,7.40,7.40,0.00,0.00,0,0,0.31
TRUSTB1MF,Mutual Funds,3.00,3.20,3.20,2.90,2.90,3.20,-0.30,-9.38,1318117,3.991,-0.69
VAMLBDMF1,Mutual Funds,,,,,7.10,7.10,0.00,0.00,0,0,-0.10
VAMLRBBF,Mutual Funds,5.70,5.90,5.90,5.70,5.80,5.90,-0.10,-1.69,65661,0.381,-0.37
BPML,Paper & Printing,27.50,27.50,29.00,27.50,27.60,28.90,-1.30,-4.50,43574,1.208,-14.34
HAKKANIPUL,Paper & Printing,78.60,78.10,80.20,77.50,78.60,79.90,-1.30,-1.63,758397,59.449,0.27
KPPL,Paper & Printing,15.50,15.50,15.90,15.30,15.50,15.90,-0.40,-2.52,378278,5.876,-0.11
MAGURAPLEX,Paper & Printing,79.40,82.00,82.10,78.10,79.40,82.90,-3.50,-4.22,143816,11.55,1.59
MONOSPOOL,Paper & Printing,89.00,92.10,92.10,88.50,89.00,92.10,-3.10,-3.37,181850,16.319,1.93
SONALIPAPR,Paper & Printing,222.70,231.10,231.10,221.20,222.70,231.10,-8.40,-3.63,89732,20.24,5.90
ACI,Pharmaceuticals & Chemicals,197.10,200.90,201.70,196.80,197.10,198.30,-1.20,-0.61,82514,16.365,0.73
ACIFORMULA,Pharmaceuticals & Chemicals,136.70,139.90,139.90,133.50,136.70,137.90,-1.20,-0.87,20167,2.761,6.50
ACMELAB,Pharmaceuticals & Chemicals,74.30,75.50,75.50,74.10,74.30,75.50,-1.20,-1.59,204859,15.256,6.11
ACMEPL,Pharmaceuticals & Chemicals,20.20,21.00,21.10,19.90,20.20,21.00,-0.80,-3.81,6782372,139.592,-0.26
ACTIVEFINE,Pharmaceuticals & Chemicals,6.90,7.10,7.10,6.80,6.90,7.00,-0.10,-1.43,322465,2.246,0.12
ADVENT,Pharmaceuticals & Chemicals,13.90,14.00,14.10,13.90,13.90,14.20,-0.30,-2.11,194894,2.73,0.24
AFCAGRO,Pharmaceuticals & Chemicals,7.50,7.40,7.90,7.30,7.40,7.20,0.20,2.78,762960,5.797,0.17
AMBEEPHA,Pharmaceuticals & Chemicals,778.50,760.00,781.80,760.00,772.20,786.50,-14.30,-1.82,954,0.742,1.86
ASIATICLAB,Pharmaceuticals & Chemicals,84.50,79.70,84.50,78.70,83.30,79.70,3.60,4.52,1844578,152.419,2.58
BEACONPHAR,Pharmaceuticals & Chemicals,99.00,100.70,101.50,98.70,99.00,101.80,-2.80,-2.75,118927,11.853,4.73
BXPHARMA,Pharmaceuticals & Chemicals,114.20,115.00,116.70,113.90,114.20,116.10,-1.90,-1.64,320450,36.758,7.87
CENTRALPHL,Pharmaceuticals & Chemicals,9.00,9.30,9.30,8.90,9.00,9.40,-0.40,-4.26,463557,4.218,-0.14
FARCHEM,Pharmaceuticals & Chemicals,15.80,17.00,17.00,15.60,15.80,17.00,-1.20,-7.06,401073,6.444,-1.80
GHCL,Pharmaceuticals & Chemicals,19.20,19.40,19.40,17.60,19.10,19.20,-0.10,-0.52,30357,0.567,-1.42
IBNSINA,Pharmaceuticals & Chemicals,309.80,315.20,317.70,309.50,309.80,317.90,-8.10,-2.55,40742,12.758,15.27
IBP,Pharmaceuticals & Chemicals,13.10,13.40,13.50,12.90,13.10,13.60,-0.50,-3.68,1401723,18.576,0.02
JHRML,Pharmaceuticals & Chemicals,41.90,43.00,43.00,41.60,41.90,43.00,-1.10,-2.56,101865,4.275,0.49
JMISMDL,Pharmaceuticals & Chemicals,118.20,117.20,119.90,117.20,118.40,120.00,-1.60,-1.33,6693,0.792,-0.51
KEYACOSMET,Pharmaceuticals & Chemicals,5.00,5.30,5.30,4.90,5.00,5.30,-0.30,-5.66,1234066,6.218,0.24
KOHINOOR,Pharmaceuticals & Chemicals,506.70,510.60,511.90,506.10,506.70,510.50,-3.80,-0.74,3588,1.82,8.10
LIBRAINFU,Pharmaceuticals & Chemicals,624.10,634.10,637.00,623.10,624.10,634.10,-10.00,-1.58,6028,3.769,4.00
MARICO,Pharmaceuticals & Chemicals,2739.00,2736.00,2759.90,2730.00,2731.80,2741.70,-9.90,-0.36,375,1.026,158.09
NAVANAPHAR,Pharmaceuticals & Chemicals,55.90,57.70,57.70,55.60,55.90,57.70,-1.80,-3.12,330740,18.635,3.35
ORIONINFU,Pharmaceuticals & Chemicals,325.70,340.00,340.00,324.90,325.70,339.00,-13.30,-3.92,355131,117.372,1.15
ORIONPHARM,Pharmaceuticals & Chemicals,28.00,28.50,28.60,28.00,28.00,28.50,-0.50,-1.75,224051,6.293,-0.86
PHARMAID,Pharmaceuticals & Chemicals,537.80,535.00,541.80,527.00,531.00,539.80,-8.80,-1.63,5353,2.846,14.09
RECKITTBEN,Pharmaceuticals & Chemicals,3465.10,3485.30,3519.90,3465.10,3470.70,3485.30,-14.60,-0.42,194,0.674,114.38
RENATA,Pharmaceuticals & Chemicals,415.00,425.00,425.00,414.60,415.00,425.10,-10.10,-2.38,60591,25.256,13.58
SALVO,Pharmaceuticals & Chemicals,30.60,32.20,32.40,30.30,30.60,32.50,-1.90,-5.85,1292268,40.445,0.25
SILCOPHL,Pharmaceuticals & Chemicals,14.10,14.80,14.80,14.10,14.10,14.80,-0.70,-4.73,1063416,15.247,0.27
SILVAPHL,Pharmaceuticals & Chemicals,11.90,11.70,12.20,11.50,11.70,11.80,-0.10,-0.85,1458391,17.262,-0.52
SQURPHARMA,Pharmaceuticals & Chemicals,210.20,215.00,221.00,209.30,210.20,212.70,-2.50,-1.18,410778,86.396,16.56
TECHNODRUG,Pharmaceuticals & Chemicals,33.70,33.80,34.90,33.00,33.70,33.80,-0.10,-0.30,2101082,71.243,0.87
WATACHEM,Pharmaceuticals & Chemicals,123.50,128.20,128.30,123.20,123.70,128.20,-4.50,-3.51,15824,1.985,0.80
EHL,Services & Real Estate,75.10,76.00,76.00,74.90,75.10,76.60,-1.50,-1.96,64904,4.877,4.71
SAIFPOWER,Services & Real Estate,7.00,7.10,7.10,6.90,7.00,7.10,-0.10,-1.41,698105,4.891,0.70
SAMORITA,Services & Real Estate,67.20,68.40,68.60,67.20,67.60,69.00,-1.40,-2.03,12504,0.85,0.83
SAPORTL,Services & Real Estate,50.00,50.50,50.70,49.90,50.00,50.50,-0.50,-0.99,2465229,123.49,0.96
LBS,Stock Brokers,10.60,11.60,11.60,10.60,10.60,11.10,-0.50,-4.50,4001,0.042,0.43
APEXFOOT,Tannery Industries,186.70,188.40,191.90,185.50,186.70,186.90,-0.20,-0.11,97715,18.351,3.99
APEXTANRY,Tannery Industries,72.30,72.40,76.00,70.80,72.30,70.40,1.90,2.70,261811,19.286,-10.78
BATASHOE,Tannery Industries,835.20,843.10,846.50,835.20,837.90,843.10,-5.20,-0.62,225,0.189,9.32
FORTUNE,Tannery Industries,13.80,14.10,14.20,13.70,13.80,14.20,-0.40,-2.82,176849,2.451,-0.24
LEGACYFOOT,Tannery Industries,59.10,61.00,61.20,58.70,59.10,61.60,-2.50,-4.06,344434,20.768,-0.12
SAMATALETH,Tannery Industries,79.80,82.40,83.40,79.00,79.80,82.80,-3.00,-3.62,39985,3.238,-0.02
BSCPLC,Telecommunication,133.00,135.00,136.50,132.80,133.00,136.60,-3.60,-2.64,112468,15.009,7.84
GP,Telecommunication,239.90,245.40,245.40,239.60,239.90,243.30,-3.40,-1.40,125464,30.167,21.90
ROBI,Telecommunication,28.50,29.20,29.20,28.40,28.50,29.20,-0.70,-2.40,2174715,62.214,1.79
ACFL,Textile,17.70,18.10,18.10,17.50,17.60,17.90,-0.30,-1.68,35691,0.629,0.09
AIL,Textile,28.70,30.30,30.30,28.60,28.70,29.90,-1.20,-4.01,238395,6.901,2.26
AL-HAJTEX,Textile,111.40,116.30,117.70,111.10,111.40,116.80,-5.40,-4.62,139764,15.771,10.07
ALIF,Textile,4.90,5.10,5.10,4.70,4.90,5.10,-0.20,-3.92,497194,2.411,0.16
ALLTEX,Textile,13.00,13.50,13.50,12.90,13.00,13.70,-0.70,-5.11,303650,3.987,0.04
ANLIMAYARN,Textile,19.60,19.30,20.00,19.10,19.30,19.60,-0.30,-1.53,13456,0.261,-1.58
APEXSPINN,Textile,221.40,217.00,224.80,213.30,221.40,216.80,4.60,2.12,298534,65.178,1.69
ARGONDENIM,Textile,16.50,17.40,17.40,16.40,16.50,17.30,-0.80,-4.62,394278,6.56,0.67
CNATEX,Textile,3.40,3.70,3.80,3.40,3.40,3.70,-0.30,-8.11,2406043,8.28,0.23
DACCADYE,Textile,16.90,17.00,17.10,16.70,16.70,17.10,-0.40,-2.34,51455,0.864,-42.71
DELTASPINN,Textile,5.70,5.90,5.90,5.50,5.70,5.80,-0.10,-1.72,609797,3.449,0.02
DSHGARME,Textile,105.90,109.00,109.00,105.50,105.90,109.90,-4.00,-3.64,48320,5.189,0.23
DSSL,Textile,9.10,9.30,9.30,9.00,9.10,9.40,-0.30,-3.19,2544799,23.244,-0.08
DULAMIACOT,Textile,112.20,122.90,123.00,112.10,113.50,118.80,-5.30,-4.46,4369,0.506,0.29
ENVOYTEX,Textile,48.30,49.20,49.20,48.00,48.30,49.50,-1.20,-2.42,121228,5.879,4.35
ESQUIRENIT,Textile,20.10,20.20,20.70,20.00,20.10,20.50,-0.40,-1.95,62768,1.266,-2.13
ETL,Textile,9.30,9.60,9.60,9.30,9.30,9.70,-0.40,-4.12,1153047,10.872,0.19
FAMILYTEX,Textile,2.80,3.00,3.20,2.80,2.80,3.10,-0.30,-9.68,4825976,13.71,-0.13
FEKDIL,Textile,13.90,14.20,14.20,13.80,13.90,14.20,-0.30,-2.11,1013534,14.153,-0.91
GENNEXT,Textile,3.20,3.40,3.50,3.10,3.20,3.40,-0.20,-5.88,2641309,8.318,-0.04
HFL,Textile,11.70,12.00,12.80,11.50,12.40,12.10,0.30,2.48,1048844,12.574,-2.86
HRTEX,Textile,18.50,19.60,20.00,18.20,18.50,19.90,-1.40,-7.04,116328,2.213,-18.46
HWAWELLTEX,Textile,40.50,41.40,41.40,40.30,40.50,41.40,-0.90,-2.17,91440,3.702,1.91
KTL,Textile,9.20,9.50,9.50,9.20,9.20,9.60,-0.40,-4.17,336020,3.129,0.08
MAKSONSPIN,Textile,6.00,6.20,6.30,5.80,5.80,6.20,-0.40,-6.45,372647,2.194,-9.42
MALEKSPIN,Textile,26.40,26.80,26.80,26.30,26.40,27.10,-0.70,-2.58,480929,12.754,3.54
MATINSPINN,Textile,45.80,46.20,46.70,45.70,45.80,46.20,-0.40,-0.87,65804,3.021,2.11
METROSPIN,Textile,9.10,9.60,9.60,8.90,8.90,9.60,-0.70,-7.29,170088,1.555,-1.98
MHSML,Textile,17.10,17.50,17.80,17.10,17.20,17.60,-0.40,-2.27,314896,5.451,0.49
MITHUNKNIT,Textile,16.00,15.10,16.20,15.10,15.70,16.00,-0.30,-1.88,173521,2.76,0.00
MLDYEING,Textile,8.30,8.60,8.60,8.30,8.30,8.60,-0.30,-3.49,526675,4.439,-0.46
MONNOFABR,Textile,21.30,22.40,22.40,21.00,21.30,22.50,-1.20,-5.33,1582354,34.408,0.04
NEWLINE,Textile,5.50,6.00,6.00,5.50,5.50,6.10,-0.60,-9.84,694250,3.924,1.60
NURANI,Textile,3.10,3.40,3.40,3.10,3.10,3.40,-0.30,-8.82,438969,1.367,-0.95
PDL,Textile,5.80,5.90,6.10,5.70,5.80,5.70,0.10,1.75,827867,4.897,0.02
PRIMETEX,Textile,18.70,19.10,19.50,17.90,18.60,19.30,-0.70,-3.63,117808,2.227,-8.05
PTL,Textile,53.70,54.00,54.40,53.10,53.70,54.30,-0.60,-1.10,173656,9.324,2.36
QUEENSOUTH,Textile,11.10,11.40,11.50,10.90,11.10,11.60,-0.50,-4.31,458949,5.147,0.15
RAHIMTEXT,Textile,190.70,203.80,203.80,190.00,190.70,201.50,-10.80,-5.36,36155,7.001,1.81
REGENTTEX,Textile,4.10,3.70,4.20,3.60,4.10,3.90,0.20,5.13,841767,3.252,-1.62
RINGSHINE,Textile,3.30,3.60,3.60,3.30,3.30,3.60,-0.30,-8.33,978136,3.309,-2.42
SAFKOSPINN,Textile,15.50,16.60,16.60,15.40,15.50,16.50,-1.00,-6.06,127718,2.026,-2.07
SAIHAMCOT,Textile,18.50,19.20,19.20,18.10,18.50,19.20,-0.70,-3.65,790047,14.771,0.48
SAIHAMTEX,Textile,17.90,18.50,18.50,17.70,17.90,18.60,-0.70,-3.76,630475,11.437,0.28
SHARPIND,Textile,16.00,16.20,16.60,15.90,16.00,16.50,-0.50,-3.03,174667,2.804,-1.45
SHASHADNIM,Textile,18.50,18.60,18.60,18.30,18.40,18.60,-0.20,-1.08,92646,1.707,0.59
SHEPHERD,Textile,12.90,13.40,13.40,12.80,12.90,13.40,-0.50,-3.73,425104,5.478,-0.85
SIMTEX,Textile,23.70,24.60,24.60,23.50,23.70,24.60,-0.90,-3.66,2679822,64.142,0.67
SONARGAON,Textile,40.40,40.00,42.20,40.00,40.40,40.00,0.40,1.00,785289,32.327,-0.16
SQUARETEXT,Textile,47.80,48.70,48.70,47.50,47.60,48.30,-0.70,-1.45,15308,0.73,1.84
STYLECRAFT,Textile,51.40,54.60,54.60,51.40,51.60,54.60,-3.00,-5.49,29897,1.567,0.02
TALLUSPIN,Textile,8.00,8.10,8.10,7.70,7.90,8.10,-0.20,-2.47,312538,2.484,-1.06
TAMIJTEX,Textile,110.70,114.30,114.30,109.50,110.00,114.30,-4.30,-3.76,27909,3.098,2.81
TOSRIFA,Textile,17.00,17.60,17.60,16.80,17.00,17.60,-0.60,-3.41,475615,8.178,0.17
TUNGHAI,Textile,3.20,3.30,3.30,3.10,3.10,3.40,-0.30,-8.82,439291,1.378,-0.17
VFSTDL,Textile,11.20,12.00,12.00,11.10,11.20,12.00,-0.80,-6.67,1666316,19.142,0.02
ZAHEENSPIN,Textile,5.40,5.70,5.70,5.30,5.40,5.70,-0.30,-5.26,172063,0.94,-0.14
ZAHINTEX,Textile,6.90,6.90,7.00,6.70,6.90,7.10,-0.20,-2.82,60139,0.412,-2.61
BDSERVICE,Travel & Leisure,,,,,5.20,5.20,0.00,0.00,0,0,-3.95
BESTHLDNG,Travel & Leisure,12.80,13.10,13.10,12.80,12.80,13.10,-0.30,-2.29,257275,3.332,0.25
PENINSULA,Travel & Leisure,20.50,20.50,20.60,20.30,20.50,20.50,0.00,0.00,578352,11.819,0.04
SEAPEARL,Travel & Leisure,36.20,37.50,37.60,36.00,36.20,37.90,-1.70,-4.49,954435,35.124,-1.14
UNIQUEHRL,Travel & Leisure,37.50,37.10,38.20,37.10,37.50,38.00,-0.50,-1.32,77435,2.911,2.30
